ABAJO,9
ABALANZANDOSE,1
ABALANZARSE,1
ABALANZO,1
ABANDONABAN,1
ABANDONADA,6
ABANDONADAS,1
ABANDONADO,3
ABANDONADOS,1
ABANDONAN,1
ABANDONANDO,1
ABANDONARLA,1
ABANDONARON,3
ABANDONARSE,2
ABANICO,1
ABARCANDO,1
ABATIO,1
ABIERTA,2
ABIERTAS,2
ABIERTOS,1
ABISMO,1
ABLANDARSE,1
ABOFETEANDO,1
ABOGADO,2
ABOGADOS,1
ABOMBADA,1
ABOMINABLES,1
ABONOS,1
ABORRECIA,1
ABRASABAN,1
ABRAZOS,1
ABRIA,1
ABRIAN,1
ABRIANSE,1
ABRIENDO,3
ABRIENDOSE,1
ABRIERON,1
ABRIERONSE,1
ABRIO,5
ABRIR,4
ABRUMABA,1
ABRUMADAS,1
ABRUMADORA,1
ABRUMADOS,1
ABSOLUTO,3
ABSORBIENDO,1
ABSORTO,1
ABSURDO,1
ABUELA,2
ABUELO,3
ABUELOS,1
ABUNDANCIA,2
ABURRIMIENTO,1
ABUSAR,1
ACABA,1
ACABABA,4
ACABABAN,2
ACABADO,1
ACABAN,1
ACABAR,3
ACABARA,1
ACABARIA,3
ACABARON,3
ACABASE,1
ACABO,10
ACARICIABA,1
ACARICIANDO,4
ACARICIANDOLE,1
ACARICIANDOLO,1
ACARICIARLO,1
ACARICIO,1
ACASO,4
ACCION,2
ACCIONES,1
ACECHO,3
ACELERABA,1
ACELERANDO,1
ACENTO,1
ACENTUANDO,1
ACEPTAR,1
ACEQUIA,6
ACEQUIAS,1
ACERA,2
ACERAS,2
ACERCABA,2
ACERCARONSE,1
ACERCO,1
ACERO,2
ACHACABA,1
ACHATADAS,1
ACHATADO,1
ACHICADORES,1
ACOGIALE,1
ACOGIO,1
ACOLITO,1
ACOMETIA,1
ACOMPASADO,1
ACOMPAÑABA,4
ACOMPAÑADO,1
ACOMPAÑAMIENTO,3
ACOMPAÑAR,1
ACOMPAÑARIA,1
ACOMPAÑARON,1
ACONSEJABA,1
ACONSEJABAN,1
ACORDABA,1
ACORDADO,1
ACOSADO,1
ACOSTADA,1
ACOSTANDOSE,1
ACOSTARSE,1
ACOSTO,1
ACOSTUMBRADA,1
ACOSTUMBRADO,3
ACOSTUMBRADOS,1
ACOSTUMBRARSE,1
ACRECENTADA,1
ACRIBILLADO,2
ACTAS,1
ACTITUD,1
ACTIVIDAD,1
ACTOR,1
ACUDIA,1
ACUDIAN,3
ACUDIENDO,1
ACUDIERON,2
ACUDIO,1
ACUDIR,1
ACUERDA,1
ACUSANDOSE,1
ACUSARLE,1
ADELANTABA,1
ADELANTASEN,2
ADELANTE,6
ADEMANES,1
ADEMAS,5
ADENTRO,5
ADHERENTE,1
ADIOS,2
ADIVINA,1
ADIVINABA,1
ADIVINADO,2
ADIVINANDO,1
ADIVINARA,2
ADIVINO,1
ADMIRABA,1
ADMIRACION,3
ADMIRADO,1
ADMIRADOR,2
ADMIRANDOLE,1
ADMITEN,1
ADONDE,1
ADORABA,2
ADORABLE,2
ADORABLES,3
ADORACION,1
ADORES,1
ADORMECIDO,1
ADORMECIDOS,1
ADORNOS,1
ADQUIRIR,2
ADUANAS,1
ADULACION,1
ADVERTENCIA,1
AFABILIDAD,1
AFEADO,1
AFECTO,3
AFEITADA,1
AFEMINADA,1
AFICION,1
AFIRMABAN,2
AFIRMANDO,1
AFIRMAR,1
AFIRMATIVAMENTE,1
AFLUIAN,1
AFRICA,4
AFRICANO,2
AFRONTADO,1
AFRONTAR,1
AFUERA,2
AFUERAS,8
AGACHANDOSE,1
AGALLAS,2
AGARRABA,2
AGARRADA,2
AGARRADAS,1
AGARRADO,4
AGARRADOS,1
AGARRARSE,1
AGARRO,5
AGARROSE,1
AGITA,1
AGITABA,1
AGITABAN,1
AGITABANSE,1
AGITABASE,1
AGITADA,1
AGITANDO,3
AGITANDOSE,1
AGITARON,1
AGITO,1
AGOBIADO,1
AGOLPABAN,1
AGONIA,1
AGOSTO,2
AGOTADAS,1
AGRADECIA,1
AGRADECIDO,1
AGRADECIDOS,1
AGRADECIMIENTO,1
AGREDIRSE,1
AGRESIVA,2
AGRESOR,1
AGRIETABAN,1
AGUANTANDO,1
AGUANTE,2
AGUARDABA,1
AGUARDABAN,1
AGUARDANDO,2
AGUARDAR,1
AGUAS,14
AGUDO,2
AGUDOS,2
AGUELO,3
AGUJEREADA,1
AHOGABAMOS,1
AHOGADA,1
AHOGADO,1
AHOGADOS,1
AHOGAR,1
AHOGARAN,1
AHORA,33
AHORRILLOS,1
AHORROS,2
AHUMADA,1
AIRES,1
AIROSO,1
AISLAMIENTO,2
AISLARSE,1
AJENA,1
AJENO,1
AJENOS,1
AJUSTAR,1
AJUSTARSE,1
ALARIDO,1
ALARIDOS,1
ALARMADO,1
ALARMANTES,1
ALBACETE,4
ALBAÑILES,2
ALBERGABAN,1
ALBOROTABA,1
ALBOROTABAN,1
ALBOROTADO,1
ALBOROZADOS,1
ALCALDE,7
ALCALDES,4
ALCANCE,1
ALCANCES,1
ALCANFOR,1
ALCANZABA,1
ALCANZABAN,2
ALCANZARA,1
ALCANZARON,1
ALCAZAR,1
ALCOBA,1
ALEGRABA,2
ALEGRARIA,1
ALEGRASEN,1
ALEGRATE,1
ALEGRE,6
ALEGREMENTE,1
ALEGRES,5
ALEGRIA,1
ALEGRIAS,1
ALEGRO,1
ALEJABA,1
ALEJABAN,2
ALEJARME,1
ALEJEMONOS,1
ALEJO,3
ALEROS,2
ALETAS,1
ALETEO,2
ALFILERAZOS,1
ALFOMBRAS,1
ALGARROBAS,1
ALGARROBOS,2
ALGAS,2
ALGODON,1
ALGUACIL,3
ALGUIEN,9
ALGUN,11
ALGUNA,10
ALGUNAS,7
ALGUNO,3
ALGUNOS,19
ALICANTE,2
ALIENTO,1
ALIMAÑA,1
ALMANAQUE,1
ALMAS,2
ALMIRANTE,2
ALMOHADONES,2
ALOJAR,1
ALOJARME,1
ALQUILADO,1
ALQUILER,1
ALQUITRAN,1
ALTAR,1
ALTARES,1
ALTIVEZ,1
ALTIVO,1
ALTURA,2
ALTURAS,2
ALUCINACIONES,1
ALUMBRARON,1
ALVEOLOS,1
ALZAN,1
ALZAR,1
AMABA,4
AMABLE,1
AMADO,1
AMAINABA,1
AMALGAMARSE,1
AMANECER,2
AMANECIDO,1
AMANECIO,1
AMANTE,2
AMANTISIMA,1
AMARGURA,1
AMARILLA,1
AMARILLAS,2
AMARILLENTA,2
AMARILLENTO,1
AMARILLO,2
AMARSE,1
AMASADO,1
AMBICIONANDO,1
AMBIENTE,5
AMBOS,1
AMENAZA,3
AMENAZABA,3
AMENAZADOR,1
AMENAZANTE,1
AMENAZAS,5
AMENIZADO,1
AMERICA,1
AMERICANA,2
AMERICANO,1
AMIGABLEMENTE,1
AMIGAS,1
AMIGO,10
AMIGOS,15
AMIGOTE,1
AMIGOTES,1
AMISTADES,2
AMISTOSA,1
AMONTONABANSE,1
AMONTONAMIENTO,1
AMORES,2
AMORIOS,1
AMPARARON,1
AMPLIOS,1
ANCHA,2
ANCHAS,1
ANCHO,1
ANCIANO,1
ANCLAS,2
ANDABA,1
ANDABAN,1
ANDALUCES,1
ANDAMIO,2
ANDANDO,1
ANDANTE,1
ANDAR,3
ANDAS,1
ANDEN,2
ANGEL,1
ANGELES,1
ANGOSTA,1
ANGOSTO,1
ANGULOS,1
ANGULOSA,1
ANGUSTIA,2
ANGUSTIABA,1
ANGUSTIAS,1
ANHELO,1
ANIMABA,1
ANIMADO,3
ANIMAL,7
ANIMALES,4
ANIMANDOSE,2
ANIMAR,1
ANIMAS,1
ANIMOSOS,1
ANITA,1
ANOCHECER,5
ANONADADA,1
ANONADADO,1
ANONADADOS,1
ANONADO,1
ANONIMO,1
ANSIA,2
ANSIABA,3
ANSIANDO,1
ANSIEDAD,2
ANSIOSA,2
ANSIOSAMENTE,1
ANSIOSAS,1
ANTENA,2
ANTERIOR,6
ANTERIORES,1
ANTES,38
ANTICIPADAMENTE,1
ANTIGUA,2
ANTIGUO,4
ANTIGUOS,8
ANTILLAS,1
ANTOJABASELE,1
ANTONIO,28
ANTOÑICO,10
ANTRO,2
ANUDABAN,1
ANUDADOS,1
ANUNCIABA,2
ANUNCIOS,1
ANZUELO,4
APAGADAS,1
APAGADOS,1
APALEAR,1
APARATOS,1
APARECIA,2
APARECIAN,1
APARECIERON,1
APARECIO,3
APAREJO,5
APAREJOS,1
APARENTE,1
APARICION,1
APARIENCIA,2
APARTABANSE,1
APARTADO,1
APARTANDOSE,1
APARTAR,1
APARTARSE,1
APARTE,3
APASIONAMIENTOS,1
APEABASE,1
APELAR,1
APELLIDO,1
APENAS,18
APERCIBIO,1
APETECIBLES,1
APLASTADA,1
APLASTANTE,1
APLASTAR,1
APLASTARLOS,1
APLAUDEN,1
APLAUDIO,1
APLAUDIR,1
APLAUSOS,1
APODABAN,1
APODADO,1
APODERABA,1
APODERADO,1
APODO,1
APODOS,1
APOLILLADA,1
APORREABAN,2
APORREAR,1
APOYADAS,1
APOYADO,2
APOYANDO,1
APOYO,1
APRECIABAN,1
APRECIADAS,1
APREHENSION,1
APRENDIDO,2
APRENDIZ,3
APRESO,1
APRESURABA,1
APRESURADAMENTE,1
APRESURADOS,1
APRESURARIA,1
APRESURARON,2
APRETABA,1
APRETABAN,2
APRETARAN,1
APRETARIA,1
APRETARON,1
APRIETA,1
APRISA,2
APROBACION,1
APROVECHAR,2
APROVECHO,1
APROXIMABA,4
APROXIMANDOSE,2
APROXIMARA,3
APROXIMARSE,1
APUNTADA,1
APUNTANDO,2
APUNTAR,1
AQUEL,78
AQUELLA,73
AQUELLAS,20
AQUELLO,21
AQUELLOS,21
ARABES,1
ARAÑA,2
ARAÑABAN,1
ARAÑANDOSE,1
ARAÑAR,2
ARAÑAZOS,2
ARBOLADURA,2
ARBOLEDA,2
ARBOLEDAS,1
ARBOLES,8
ARCONES,1
ARDIA,3
ARDIENDO,1
ARDIENTE,1
ARDIENTES,4
ARDIO,1
ARDOR,2
ARDOROSA,3
ARDOROSO,1
ARENA,7
ARENOSO,1
ARGAMASA,2
ARGEL,2
ARGOLLA,1
ARGUMENTOS,1
ARIDAS,1
ARISTAS,1
ARISTOCRACIA,1
ARMADAS,1
ARMADO,1
ARMANDO,1
ARMARIOS,1
ARMAS,1
ARMONIA,1
ARMONICA,1
ARMONIOSO,1
ARRANCADA,1
ARRANCAR,2
ARRANCO,1
ARRANQUE,2
ARRANQUES,1
ARRASTRABA,2
ARRASTRABAN,4
ARRASTRADA,2
ARRASTRADO,1
ARRASTRADOS,1
ARRASTRANDO,2
ARRASTRANDOLA,1
ARRASTRAR,1
ARRASTRO,1
ARREA,2
ARREABA,1
ARREANDO,1
ARREBATABAN,1
ARREBATADOS,1
ARREBATO,2
ARREBATOS,2
ARREBUJADAS,1
ARREGLA,1
ARREGLANDOSE,1
ARREGLAR,1
ARREGLARSE,1
ARREGLASEN,1
ARREGLO,2
ARREGLOS,1
ARRELLANANDOSE,1
ARREMOLINABA,1
ARREMOLINABANSE,1
ARREMOLINABASE,1
ARREMOLINANDOSE,1
ARRENDAMIENTO,1
ARREO,1
ARREPENTIA,2
ARREPENTIDO,1
ARREPENTIMIENTO,1
ARREPENTIR,1
ARREPIENTA,1
ARREPINTIENDOSE,1
ARRIADO,1
ARRIBA,12
ARRIESGAR,1
ARRINCONADO,1
ARROBAS,2
ARROGANCIA,3
ARROGANTE,4
ARROJABA,2
ARROJABAN,2
ARROJADA,1
ARROJADO,2
ARROJADOS,1
ARROJANDO,3
ARROJARLA,1
ARROJARLO,2
ARROJARON,2
ARROJARSE,1
ARROJE,1
ARROJO,5
ARROLLADO,1
ARROLLADOS,1
ARROYUELO,1
ARROZ,2
ARRUGADA,1
ARRUGADO,2
ARRUINADO,1
ARRUINARSE,1
ARRULLABA,1
ARRULLADO,1
ARTES,1
ARTICULO,1
ARTISTA,2
ARTISTICAS,1
ARTISTICO,1
ASADOR,1
ASALTA,1
ASALTABAN,1
ASALTAR,1
ASALTARLO,1
ASALTO,1
ASALTOS,1
ASAMOS,1
ASCENDER,1
ASCENSO,1
ASEGURANDO,1
ASEGURAR,1
ASESINADO,1
ASESINARON,1
ASESINATOS,2
ASESINO,1
ASESTO,1
ASFIXIA,1
ASFIXIABAN,2
ASFIXIAN,1
ASFIXIANDO,1
ASFIXIANTE,1
ASIDERO,1
ASIDUIDADES,1
ASIDUOS,1
ASIENTO,8
ASIENTOS,1
ASISTIR,1
ASOMABA,2
ASOMABAN,4
ASOMANDO,1
ASOMAR,2
ASOMARON,1
ASOMARONSE,1
ASOMBRABA,1
ASOMBRADA,1
ASOMBRADAS,1
ASOMBRADO,1
ASOMBRO,7
ASOMBROSA,1
ASOMO,1
ASPECTO,2
ASPERA,1
ASPERAS,1
ASPILLERA,1
ASTUTOS,1
ASUNTO,5
ASUNTOS,2
ASUSTABA,2
ASUSTADA,1
ASUSTADAS,3
ASUSTADO,2
ASUSTADOS,1
ASUSTAR,1
ASUSTARLE,1
ASUSTARSE,2
ATADO,2
ATANDO,2
ATAUD,1
ATEMORIZADOS,1
ATENCION,6
ATENDIA,1
ATENDIAN,1
ATENTOS,1
ATERRADA,5
ATERRADOR,1
ATESTADA,1
ATIPLADA,1
ATIZADO,1
ATLANTICO,2
ATLETICOS,1
ATMOSFERA,1
ATOLONDRADO,2
ATORMENTABA,1
ATORMENTABAN,1
ATORMENTARLOS,1
ATRAERLA,1
ATRAERLES,1
ATRAIAN,1
ATRAIDO,1
ATRAPAR,2
ATRAS,4
ATRAVESAR,2
ATRAVESO,2
ATREVERSE,1
ATREVIA,2
ATREVIAN,1
ATREVIDAS,1
ATREVIO,1
ATROCES,1
ATRONADORA,1
ATROPELLADA,1
ATROPELLADAMENTE,1
ATROPELLOS,1
ATROZ,1
ATTACHE,1
ATUNES,3
ATURDIDO,2
ATURDIRSE,1
AUDACES,2
AUDACIA,1
AUDAZ,3
AUDIENCIA,3
AUDIENCIAS,1
AULLABA,1
AULLIDOS,1
AUMENTABA,2
AUMENTADO,1
AUMENTO,3
AUNQUE,14
AUSTERA,1
AUTORA,1
AUTORIDAD,2
AUTORIDADES,1
AUTORIZADO,1
AUXILIO,3
AVALANCHA,1
AVANT,4
AVANZABA,2
AVANZABAN,2
AVANZADA,1
AVANZADOS,1
AVANZARON,2
AVARO,2
AVENTURAS,3
AVERGONZABA,2
AVERGONZADA,1
AVERGONZADO,1
AVERGONZARLES,1
AVERIADA,1
AVERIGUARON,1
AVISA,1
AVISABA,1
AVISADO,1
AVISAR,2
AVISARON,1
AVISASEN,1
AVISO,1
AYUDA,1
AYUDABA,4
AYUDABAN,2
AYUDAR,1
AYUDARLE,1
AYUDARON,1
AYUDO,1
AYUNTAMIENTO,1
AZADA,1
AZADON,1
AZAHAR,2
AZORADOS,1
AZOTADO,1
AZUCENAS,1
AZULADA,1
AZULADOS,1
AZULEABAN,1
AZULES,5
AZUZANDOLES,1
AÑADIERON,1
AÑADIO,3
BACHES,1
BAHIA,1
BAILE,1
BAJABA,1
BAJABAN,1
BAJAR,4
BAJASEN,1
BALADRONADAS,1
BALANCEABAME,1
BALANCEABAN,1
BALANCEABANSE,1
BALANCEABASE,1
BALANCEANDO,1
BALANCEANDOSE,1
BALAS,3
BALAZO,1
BALBUCEABA,1
BALBUCEANDO,1
BALCON,2
BALDE,1
BALEARES,1
BAMBOLEABA,1
BANASTA,1
BANCALES,4
BANCO,2
BANDA,1
BANDADAS,2
BANDIDOS,2
BANDO,1
BANQUEROS,1
BANQUETA,1
BANQUILLO,1
BARBADAS,1
BARBARIDAD,1
BARBARO,1
BARBAROS,1
BARBILLA,1
BARCA,53
BARCAS,14
BARCELONA,5
BARCO,5
BARCOS,2
BARDAS,1
BARNIZADAS,1
BARNIZADO,1
BARNIZADOS,1
BARQUILLA,1
BARQUILLAS,1
BARRA,1
BARRACA,14
BARRACAS,1
BARREN,1
BARRENDEROS,1
BARRIA,1
BARRIDO,1
BARRIENDO,1
BARRIENDOLO,1
BARRIO,4
BARRO,3
BASTA,1
BASTABA,3
BASTABAN,2
BASTANTE,1
BASTIDORES,1
BASTONES,1
BATACAZO,1
BATAHOLA,1
BATALLA,1
BATALLAS,1
BATISTE,2
BAUTIZA,1
BAUTIZABA,1
BAUTIZADOS,1
BAUTIZAMOS,1
BAUTIZO,1
BAYETA,1
BAYONETA,1
BAÑADA,1
BAÑANDOLAS,1
BEBEDIZOS,1
BEBER,2
BEBIA,3
BEBIDA,1
BEBIDAS,4
BEDUINO,1
BELLEZA,7
BELLEZAS,2
BELLOS,1
BENDICION,1
BENDITO,1
BENEVOLA,1
BENEVOLO,1
BERGANTIN,1
BESABA,2
BESANDOLE,1
BESAR,1
BESARLE,1
BESARON,1
BESOS,1
BESTIA,6
BESTIAS,3
BIARRITCES,1
BIBLICA,1
BICEPS,1
BICHERO,2
BICHO,1
BICHOS,1
BIENESTAR,1
BIGOTE,1
BIGOTILLOS,1
BILIS,1
BILLETE,4
BIOGRAFIA,1
BISABUELO,1
BIZARRO,1
BIZCA,1
BIZCO,1
BIZCOS,1
BLANCA,11
BLANCAS,6
BLANCO,10
BLANCOS,4
BLANCURA,2
BLANDURA,1
BLASFEMANDO,1
BLASFEMIAS,1
BLASFEMO,1
BLASFEMOS,1
BLONDAS,1
BLUSAS,1
BOCADO,1
BOCANADA,1
BOCAS,2
BOCAZA,1
BOCHORNOSA,1
BODAS,2
BOHEMIA,1
BOHEMIO,1
BOLAS,1
BOLSILLO,2
BOLSILLOS,2
BOLSON,13
BOLSONET,1
BOMBAS,1
BONACHON,3
BONACHONA,1
BONDAD,4
BONDADOSA,1
BONDADOSO,3
BONDADOSOTE,1
BONITA,3
BONITO,2
BORBOTONES,2
BORDA,16
BORDADAS,1
BORDAS,2
BORDE,5
BORDETA,1
BORDO,2
BORRACHAS,1
BORRACHERA,2
BORRACHOS,3
BORRAD,1
BORRADO,1
BOSQUECILLOS,1
BOSTEZO,1
BOTALON,1
BOTAR,1
BOTELLA,4
BOTES,2
BOTICAS,1
BOTONES,2
BOVEDA,1
BRABANTE,1
BRABANZONES,1
BRACEANDO,1
BRASERO,1
BRAVA,2
BRAVAMENTE,1
BRAVOS,1
BRAZADAS,1
BRAZO,3
BRAZOS,23
BREBAJE,1
BRECHA,1
BRILLABA,1
BRILLABAN,6
BRILLANDO,2
BRILLANTE,1
BRILLANTES,4
BRILLARON,1
BRIOSOS,1
BRISA,1
BRITANICO,1
BROCHA,1
BROCHAZOS,1
BROMA,3
BROMAS,3
BRONCA,1
BRONCEADA,1
BRONCEADO,1
BROZAS,1
BRRRU,1
BRUCES,1
BRUIXA,3
BRUJA,4
BRUJAS,1
BRUMA,1
BRUSCO,1
BRUTAL,6
BRUTALIDAD,4
BRUTALIDADES,1
BRUTO,6
BRUTOS,1
BRUÑIA,1
BUCEANDO,1
BUCEO,1
BUCOLICO,1
BUENA,18
BUENAS,6
BUENO,13
BUENOS,9
BUFANDO,1
BULLIA,2
BULTOS,3
BUQUE,4
BURBUJAS,1
BURDO,1
BURGUES,1
BURLA,1
BURLABA,2
BURLANDO,1
BURLANDOSE,1
BURLONA,1
BURRO,2
BUSCA,11
BUSCABA,6
BUSCABAN,4
BUSCANDO,11
BUSCAR,2
BUSCARSE,2
BUSCAS,1
BUSCASE,1
BUSCO,4
BUTACAS,2
BUÑOLERIAS,1
CABALLERIAS,1
CABALLERO,7
CABALLO,2
CABALLOS,2
CABAÑAL,3
CABECEABA,1
CABECEAR,1
CABELLERA,1
CABELLERAS,1
CABELLOS,2
CABEZA,39
CABEZADAS,1
CABEZAS,2
CABRA,1
CABRAS,1
CABRIOLA,1
CABRIOLAS,1
CACAREOS,1
CACHORRO,1
CACHORROS,1
CADAVER,3
CADAVERES,2
CADENA,3
CADENAS,1
CADENCIA,1
CADERA,1
CADERAS,1
CAERIA,2
CAERSE,1
CAIAN,4
CAIDA,3
CAIDO,5
CAIDOS,2
CAIGA,1
CAIMOS,1
CAJONES,1
CALABOZO,3
CALADA,1
CALAFATES,2
CALAMIDAD,1
CALCETINES,1
CALCULA,1
CALDEABA,2
CALDERA,1
CALDERO,2
CALENTABA,1
CALETRE,1
CALIENTAN,1
CALIENTE,1
CALLA,2
CALLABA,1
CALLABANSE,1
CALLADO,1
CALLANDO,1
CALLAR,4
CALLARON,1
CALLE,11
CALLES,15
CALLOSA,2
CALLOSAS,1
CALMA,10
CALMANDOSE,1
CALOR,13
CALZONES,1
CAMARADAS,4
CAMASTRO,1
CAMBIA,1
CAMBIABA,3
CAMBIABAN,1
CAMBIADO,2
CAMBIANDO,3
CAMBIAR,1
CAMBIO,4
CAMELIAS,1
CAMILA,1
CAMINABAN,1
CAMINO,27
CAMINOS,3
CAMISETAS,1
CAMPANA,1
CAMPANAR,2
CAMPANARIO,2
CAMPANAS,1
CAMPANILLAS,1
CAMPAÑA,1
CAMPESINO,1
CAMPO,2
CAMPOS,12
CANALLA,1
CANCER,2
CANCIONES,1
CANDIDEZ,1
CANDIL,2
CANSADA,2
CANSADO,1
CANSADOS,3
CANSANCIO,3
CANSO,1
CANTA,1
CANTABA,2
CANTABAN,1
CANTADA,1
CANTANDO,1
CANTANTES,1
CANTIDAD,1
CANTINELA,1
CANTO,3
CANTURREANDO,1
CANTURREO,3
CAPACES,1
CAPAZ,5
CAPAZO,5
CAPAZOS,1
CAPITA,2
CAPITAN,12
CAPITANES,1
CAPOTA,2
CAPRICHO,1
CAPRICHOS,1
CAPRICHOSA,1
CAPULLOS,1
CARABINERO,1
CARABINEROS,4
CARACTER,4
CARAS,2
CARBONES,1
CARCAJADA,2
CARCAMAL,1
CARCEL,16
CARCELARIA,1
CARECIA,1
CARENCIA,1
CARGA,1
CARGADA,1
CARGADAS,1
CARGADO,2
CARGADOS,4
CARGAMENTO,5
CARGAMENTOS,1
CARGAR,3
CARGARIA,1
CARGARSE,1
CARGO,2
CARICIA,3
CARICIAS,1
CARIDAD,2
CARITAS,1
CARIÑO,8
CARIÑOSA,1
CARIÑOSAS,1
CARNE,8
CARNICERO,5
CARNOSIDAD,1
CARNOSO,1
CARNOSOS,1
CARRERA,3
CARRERAS,1
CARRETA,1
CARRETERA,4
CARRETERO,7
CARRO,10
CARROS,1
CARRUAJE,10
CARTA,5
CARTAGENA,2
CARTAS,1
CARTEL,1
CARTETA,1
CARTITAS,1
CARTONCITO,1
CASABA,1
CASADO,4
CASADOS,2
CASAMIENTO,1
CASANDOSE,2
CASAR,1
CASARON,1
CASARSE,4
CASAS,10
CASCO,1
CASERON,1
CASILLAS,1
CASINO,4
CASITA,2
CASITAS,2
CASPA,1
CASPORRA,4
CASPORRAS,4
CASTELAR,1
CASTELLANA,1
CASTELLANO,2
CASTIGAR,1
CASTIGARON,1
CASUALIDAD,1
CASUALMENTE,1
CASUCHA,2
CATACLISMOS,1
CATALOGOS,1
CATAPULTA,1
CATASTROFE,1
CATEGORIA,1
CATORCE,6
CAUSABANLE,1
CAUSO,1
CAUTELOSAMENTE,1
CAYENDO,3
CAYERA,1
CAYERON,1
CAYESEN,2
CAZANDO,1
CAZUELA,2
CAÑAR,1
CAÑARES,2
CAÑAS,4
CAÑON,1
CAÑONAZO,2
CAÑONERO,6
CAÑONES,3
CEBOLLA,2
CEBOLLAS,1
CEBOS,1
CEDIO,1
CEDULA,1
CEGARON,1
CEGUERA,2
CEJAS,3
CEJIJUNTO,1
CELDA,2
CELEBRABA,1
CELEBRABAN,1
CELEBRANDO,2
CELEBRAR,1
CELEBRE,1
CELEBRIDAD,1
CELEBRIDADES,1
CELOS,5
CELOSA,2
CELOSIA,1
CEMENTERIO,2
CENCERREO,1
CENCERRO,1
CENICIENTA,1
CENSURABLE,1
CENTELLEABAN,1
CENTELLEO,1
CENTENAR,2
CENTIMO,1
CENTRO,4
CERCA,15
CERCADO,1
CERCANDO,1
CERCANO,1
CERCANOS,1
CERDAS,1
CEREBRO,4
CEREMONIOSO,1
CERRABA,2
CERRABAN,4
CERRADA,2
CERRADAS,2
CERRADO,3
CERRADOS,1
CERRADURA,2
CERRAJA,1
CERRANDO,1
CERRANDOLAS,1
CERRAR,2
CERRARIA,1
CERRARON,1
CERRO,1
CERROJO,1
CERTERO,1
CESABA,2
CESASE,1
CESTA,3
CESTAS,4
CESTO,1
CESTOS,2
CEÑIDO,1
CHAMUSCADO,1
CHANTRE,1
CHAPUZONES,1
CHAQUE,1
CHARCA,1
CHARLA,2
CHARLABA,1
CHASCO,4
CHASQUEANDO,1
CHASQUIDOS,1
CHICA,7
CHICO,10
CHICOS,6
CHICUELA,1
CHICUELO,1
CHICUELOS,2
CHILLANDO,1
CHILLARIA,1
CHILLASE,1
CHILLONA,1
CHILLONAS,1
CHIMENEA,1
CHIQUILLO,1
CHIQUILLOS,8
CHIQUITINES,2
CHIRRIAR,2
CHIRRIDO,1
CHIRRIDOS,1
CHISPAS,12
CHOCAR,1
CHOQUE,1
CHOQUES,1
CHORREANDO,1
CHUFAS,2
CHUPABA,1
CHUSMA,1
CICATRIZ,1
CICLISTAS,1
CIEGA,2
CIEGOS,1
CIELO,9
CIELOS,2
CIENTO,1
CIERRA,1
CIERTA,12
CIERTAS,3
CIERTO,9
CIERTOS,2
CIFRAS,1
CIGARRO,3
CIGARROS,2
CIGNO,1
CINCO,11
CINCUENTA,1
CINCUENTON,1
CINTO,1
CINTURA,3
CIRCULABA,1
CIRCULO,3
CIRIO,1
CISNE,3
CITADO,1
CITANDOLE,1
CIUDAD,10
CIVIL,6
CLARIN,1
CLARO,3
CLAROS,1
CLASE,3
CLASES,1
CLAVANDO,1
CLAVELES,3
CLAVICULAS,1
CLAVO,1
CLAVOS,1
COBARDE,4
COBARDES,2
COBIJABA,1
COBRIZA,1
COBRIZO,1
COCHE,6
COCHERA,3
COCHERO,7
COCHERON,1
COCHES,2
COCHINOS,1
COCIDOS,1
COCINA,1
CODICIA,1
CODICIADA,1
CODOS,3
COEUR,1
COGER,3
COGERAN,1
COGIDO,2
COGIDOS,2
COGIENDO,1
COGIERAMOS,1
COGIO,3
COGOLLO,1
COLANDOSE,1
COLCHONETA,1
COLEGIOS,1
COLERA,5
COLETEO,1
COLGABAN,1
COLGANDO,1
COLOCABA,1
COLOCABAN,1
COLOCACION,1
COLOCANDO,1
COLOCANDOSE,1
COLOCARLE,1
COLOCARON,1
COLOR,8
COLORADOTE,1
COLOREABA,1
COLORES,8
COLOSAL,1
COMADRES,2
COMBATIR,2
COMEDIA,1
COMEDIAS,1
COMEMOS,1
COMENCE,2
COMENTABA,1
COMENZABA,3
COMENZABAN,1
COMENZAMOS,1
COMENZAR,1
COMENZO,7
COMER,1
COMERCIALES,1
COMERCIO,2
COMERIA,1
COMERSE,1
COMETIENDO,1
COMIA,2
COMIAN,2
COMIDA,2
COMIERA,1
COMIERAN,1
COMINO,1
COMPADECIAN,1
COMPADRE,11
COMPARACION,1
COMPAS,1
COMPASION,1
COMPASIVAMENTE,1
COMPASIVO,1
COMPAÑERAS,3
COMPAÑERO,9
COMPAÑEROS,11
COMPAÑIA,4
COMPENETRADOS,1
COMPENSACION,1
COMPLETA,2
COMPLETAMENTE,2
COMPLETAR,1
COMPLETO,1
COMPRADORES,2
COMPRANDOSE,1
COMPRAS,3
COMPRENDAN,1
COMPRENDIA,4
COMPRENDIENDO,1
COMPRENDIO,1
COMPROMETEDORES,1
COMPROMISOS,1
COMUN,1
COMUNICAR,1
COMUNICARLE,1
COMUNIDAD,1
CONATO,1
CONCEBIDO,1
CONCEDIA,2
CONCENTRADO,1
CONCEPCION,1
CONCESION,1
CONCHA,1
CONCHAS,1
CONCHITA,2
CONCIENCIA,3
CONCURRENCIA,1
CONDECORACIONES,1
CONDENADA,2
CONDENADO,5
CONDENADOS,1
CONDENAO,1
CONDESA,2
CONDICION,1
CONDUCTA,1
CONDUCTOR,1
CONFECCIONAR,1
CONFESANDO,1
CONFESOR,1
CONFIANDO,1
CONFIANZA,5
CONFIDENCIAS,1
CONFIESO,1
CONFORMARIA,1
CONFORMARSE,1
CONFORME,3
CONFUNDIA,1
CONFUNDIASE,1
CONFUNDIDOS,1
CONFUSA,1
CONFUSAS,1
CONGENIABAN,1
CONGESTIONADOS,1
CONMOVEDOR,1
CONMOVEDORA,1
CONMOVIAN,1
CONMOVIENDO,1
CONMOVIO,2
CONOCE,1
CONOCEMOS,1
CONOCEN,3
CONOCER,1
CONOCERLES,1
CONOCI,2
CONOCIA,4
CONOCIAN,3
CONOCIDA,1
CONOCIDO,6
CONOCIENDO,1
CONOCIERAMOS,1
CONOCIERON,1
CONOCIMOS,1
CONOCIO,2
CONOZCO,3
CONSECUENCIA,1
CONSEGUI,1
CONSEGUIA,1
CONSEGUIR,3
CONSEJERO,1
CONSEJO,3
CONSEJOS,1
CONSENTIA,1
CONSERVACION,1
CONSERVAR,1
CONSIDERACION,1
CONSIDERANDO,1
CONSIDERASEN,1
CONSIDEREN,1
CONSIGUIERON,1
CONSIGUIO,1
CONSISTE,1
CONSISTIA,1
CONSOLARLA,1
CONSPIRABA,1
CONSTABA,1
CONSTANCIA,1
CONSTRUCCION,1
CONSTRUIR,1
CONSUELO,4
CONSULTADO,1
CONSUMIDO,1
CONSUMIO,1
CONTABA,2
CONTABAMOS,1
CONTABANSE,1
CONTACTO,5
CONTAGIABA,1
CONTANDO,1
CONTARLE,1
CONTEMPLA,1
CONTEMPLABA,1
CONTEMPLACIONES,1
CONTEMPLADO,1
CONTEMPLADOS,1
CONTEMPLANDO,2
CONTEMPLANDOLOS,1
CONTEMPLAR,1
CONTEMPLO,1
CONTENERLE,1
CONTENERSE,3
CONTENIDAS,1
CONTENIDOS,1
CONTENTA,1
CONTENTABASE,1
CONTENTASE,1
CONTENTEN,1
CONTENTO,2
CONTENTOS,1
CONTERTULIOS,1
CONTESTABA,2
CONTESTANDO,3
CONTESTO,3
CONTIGO,1
CONTINUA,2
CONTINUAMENTE,2
CONTINUAR,2
CONTINUARON,1
CONTINUAS,2
CONTINUO,7
CONTO,2
CONTRA,9
CONTRABANDO,2
CONTRACCION,1
CONTRAERSE,1
CONTRAIA,1
CONTRAMAESTRE,1
CONTRARIO,1
CONTRASTABAN,1
CONTRASTE,1
CONTRIBUIDO,1
CONTUVIERON,1
CONTUVO,1
CONVENCER,1
CONVENCERSE,3
CONVENCIAN,1
CONVENCIDA,1
CONVENCIDO,2
CONVENCIDOS,1
CONVENCIO,1
CONVENIA,1
CONVENTO,1
CONVERSABAN,1
CONVERSACION,1
CONVERSACIONES,1
CONVERSION,1
CONVERTIDA,1
CONVERTIR,1
CONVIDADOS,1
CONVIRTIERA,1
CONVIRTIERON,1
CONVITE,1
CONVULSIVAMENTE,1
CONYUGAL,2
COPAS,1
COPITA,1
COQUETEABAN,1
COQUETEOS,1
COQUETERIAS,1
CORAL,1
CORAZON,8
CORCELES,1
CORDAJE,2
COREANDO,1
CORNETA,1
CORNETAS,1
CORNISAS,1
CORONADA,1
CORRAL,6
CORRALES,2
CORRE,1
CORRECTA,1
CORREDIZOS,1
CORREDORES,1
CORREN,1
CORREO,1
CORRER,7
CORRERIA,2
CORRERIAS,3
CORRESPONDE,1
CORRESPONDENCIA,1
CORRESPONDIA,2
CORRETEABA,1
CORRI,1
CORRIA,8
CORRIAN,4
CORRIDO,2
CORRIENDO,7
CORRIESE,1
CORRIO,3
CORRO,2
CORROS,1
CORTA,1
CORTABAN,2
CORTADLE,1
CORTANDO,2
CORTAR,1
CORTARAN,1
CORTE,3
CORTEDAD,1
CORTEJO,1
CORTESANOS,1
CORTEZA,1
CORTEZAS,1
CORTINAJES,2
CORTO,2
CORTOS,1
COSAS,17
COSCORRON,1
COSECHAS,1
COSMOPOLITISMO,1
COSQUILLAS,1
COSTA,6
COSTABA,1
COSTADOS,2
COSTARA,1
COSTARLE,1
COSTAS,1
COSTOSOS,1
COSTUMBRE,3
CRANEO,2
CREACION,1
CREADO,1
CREAME,1
CREAN,1
CREAS,1
CRECIENTE,1
CRECIMIENTO,1
CREDULIDAD,1
CREER,1
CREERAN,1
CREERLA,1
CREERLO,2
CREES,2
CREIA,8
CREIAN,1
CREIANLA,1
CREPUSCULO,2
CRESTA,2
CREYENDO,8
CREYENDONOS,1
CREYO,8
CRIADAS,1
CRIADOS,1
CRIAS,1
CRIATURA,3
CRIMEN,4
CRIMENES,1
CRIMINAL,1
CRISIS,1
CRISPADA,1
CRISPADAS,2
CRISTAL,2
CRISTALES,1
CRISTALIZADAS,1
CRISTIANA,1
CRISTIANISMO,1
CRISTIANO,1
CRISTIANOS,1
CRISTO,5
CRUCECITAS,1
CRUCERO,2
CRUCEROS,1
CRUDA,2
CRUEL,3
CRUELES,4
CRUELMENTE,1
CRUJIA,1
CRUJIAN,1
CRUJIDO,1
CRUZA,1
CRUZABA,1
CRUZADO,1
CRUZADOS,1
CUADRADO,1
CUADRAS,1
CUADRILLA,1
CUALES,4
CUALQUIER,3
CUALQUIERA,2
CUANDO,75
CUANTA,1
CUANTAS,6
CUANTO,16
CUANTOS,11
CUARENTA,6
CUARTILLAS,1
CUARTO,2
CUATRO,12
CUBIERTA,17
CUBIERTAS,1
CUBIERTO,3
CUBRIA,1
CUBRIAN,1
CUBRIENDO,1
CUBRIENDOSE,1
CUCHICHEABAN,1
CUCHICHEO,2
CUCHILLO,2
CUELLO,10
CUELLOS,1
CUENTA,9
CUENTAS,3
CUENTO,2
CUENTOS,2
CUERDA,1
CUERDAS,3
CUERPO,14
CUERPOS,2
CUERVOS,1
CUESTA,6
CUESTAN,1
CUESTION,3
CUESTIONES,1
CUIDA,1
CUIDADO,6
CUIDADOSAMENTE,3
CULATA,2
CULEBRON,1
CULPA,5
CULTIVO,1
CUMPLIA,1
CUMPLIDO,1
CUMPLIENDO,1
CUMPLIENDOSE,1
CUMPLIR,2
CURACION,1
CURAS,4
CURIOSA,1
CURIOSAS,1
CURIOSIDAD,9
CURIOSOS,2
CURSO,3
CURVA,1
CURVABAN,1
CURVADA,1
CURVAS,1
CURVOS,1
CUSTODIADO,1
CUTIS,1
CUYAS,6
CUYOS,2
CUÑADA,3
CUÑADO,6
DABAN,3
DAMAS,1
DANDO,3
DANDOLE,1
DANDOME,1
DANZABAN,1
DANZAR,1
DARIA,2
DARLA,1
DARLAS,1
DARLE,2
DARSE,6
DATOS,2
DEBAJO,2
DEBEN,1
DEBER,2
DEBERES,1
DEBERSE,1
DEBIA,3
DEBIAN,4
DEBIL,7
DEBILES,2
DEBILIDAD,1
DEBIO,1
DEBUT,2
DECADENTES,1
DECAIDO,1
DECAIMIENTO,1
DECANO,1
DECENCIA,2
DECENTE,2
DECENTES,2
DECIA,13
DECIAN,9
DECIDIA,1
DECIDIDA,1
DECIDIDO,1
DECIDIRSE,1
DECIR,8
DECIRLA,1
DECIRLE,3
DECIRSE,1
DECISION,1
DECLARACIONES,1
DECLARANDO,1
DECLARAR,1
DECLARO,1
DECORACION,1
DEDOS,1
DEFENDER,6
DEFENDERSE,2
DEFENSA,3
DEFENSOR,2
DEGENERABA,1
DEGOLLAR,1
DEJABA,9
DEJABAN,2
DEJAD,1
DEJADME,1
DEJAN,1
DEJANDO,2
DEJANDOSE,2
DEJAR,3
DEJARA,2
DEJARLO,1
DEJARLOS,1
DEJARON,1
DEJARSE,4
DEJASEN,1
DEJEME,1
DELANTAL,2
DELANTE,4
DELATA,1
DELATABA,2
DELATABAN,2
DELETREABA,1
DELFIN,1
DELGADA,3
DELICADA,1
DELICADAS,1
DELICIOSA,2
DELIRIO,1
DEMANDAS,1
DEMAS,4
DEMASIADO,3
DEMONIO,5
DEMONIOS,5
DEMOS,1
DEMOSTRANDOLO,1
DENSAS,1
DENSO,2
DENTADURA,1
DENTELLADAS,1
DENTRO,21
DENUNCIARSE,1
DEPARTAMENTO,7
DEPARTAMENTOS,1
DEPOSITO,1
DERECHO,5
DERRAMABA,2
DERRETIA,1
DERRETIDO,1
DERRIBAR,1
DERRIBO,1
DESAFIANDO,1
DESAFIAR,1
DESAGRADABLE,1
DESAHOGABA,2
DESALENTADO,1
DESALMADO,1
DESAMORTIZACION,1
DESAMPARADOS,1
DESAPARECER,2
DESAPARECIAN,2
DESAPARECIDO,1
DESAPARECIENDO,1
DESAPARECIERON,1
DESAPARECIO,5
DESARBOLADA,1
DESARBOLADO,1
DESARMADO,2
DESARROLLABAN,1
DESARROLLANDOSE,2
DESARROLLARON,1
DESARROLLASE,1
DESBOCADO,1
DESBORDAMIENTO,1
DESCALZOS,2
DESCANSABA,4
DESCANSABAN,1
DESCANSANDO,1
DESCANSAR,3
DESCANSO,2
DESCARGA,1
DESCARGABA,1
DESCARGAR,1
DESCARNADOS,1
DESCENDIA,1
DESCOMPOSICION,1
DESCOMPUESTO,1
DESCONCHADURAS,1
DESCONOCIDA,2
DESCONOCIDO,6
DESCONOCIDOS,2
DESCONTENTO,1
DESCORRI,1
DESCORRIA,1
DESCRIBIA,1
DESCUBIERTAS,1
DESCUBIERTO,2
DESCUBRIA,1
DESCUBRIO,1
DESCUBRIRLES,1
DESCUIDADO,2
DESCUIDO,2
DESCUIDOS,1
DESDE,38
DESDENTADA,1
DESDENTADO,1
DESDEÑOSO,1
DESDICHAS,2
DESEABA,4
DESEABAN,1
DESEANDO,3
DESEARLA,1
DESEMBARAZO,1
DESEMPEÑANDO,1
DESENCAJADO,1
DESEO,6
DESEOS,2
DESESPERACION,4
DESESPERADAMENTE,1
DESESPERADO,2
DESESPERADOS,1
DESFALLECE,1
DESFALLECER,1
DESFALLECIDO,1
DESFALLECIDOS,1
DESFIGURABA,1
DESFIGURO,1
DESFILABAN,1
DESFILAN,1
DESFILANDO,1
DESGARRADA,1
DESGARRAR,1
DESGRACIA,8
DESGRACIADO,1
DESGRACIADOS,2
DESGREÑADA,1
DESHACE,1
DESHACER,1
DESHACIAN,1
DESHECHA,1
DESHECHO,1
DESHONRA,4
DESIERTA,1
DESLIZABAN,2
DESLIZABASE,2
DESLIZARA,1
DESLIZARSE,1
DESLIZO,1
DESLUMBRANDO,1
DESLUMBRANTE,1
DESLUMBRANTES,1
DESMAYADA,2
DESMAYADO,2
DESMAYO,2
DESMEDRADA,1
DESMONTAMOS,1
DESMONTE,1
DESMONTES,2
DESNUDABAN,1
DESNUDADO,1
DESNUDECES,2
DESNUDO,1
DESNUDOS,4
DESOBEDECIDO,1
DESOLADAS,1
DESORDENO,1
DESORIENTADO,1
DESPEDAZADO,3
DESPEDI,1
DESPEDIA,1
DESPEDIAN,2
DESPEINANDOLE,1
DESPERTABA,2
DESPERTABAN,1
DESPERTABASE,1
DESPERTADO,2
DESPERTANDO,2
DESPERTAR,2
DESPERTO,3
DESPIDIENDOSE,1
DESPIDIO,1
DESPIERTA,3
DESPIERTOS,1
DESPLANTES,1
DESPLEGABANSE,1
DESPLEGO,1
DESPLOMABA,1
DESPLOMABAN,1
DESPLOMARA,1
DESPLOMARSE,1
DESPLOME,1
DESPOJARSE,1
DESPOJO,1
DESPOJOS,1
DESPRECIADA,1
DESPRECIADO,1
DESPRECIARME,1
DESPRECIO,7
DESPRENDIO,1
DESPUEBLA,1
DESPUES,40
DESTACABAN,1
DESTACABANSE,4
DESTACANDOSE,1
DESTELLOS,1
DESTILANDO,1
DESTINO,1
DESTREZA,2
DESTROZADA,1
DESTROZADO,2
DESTROZADOS,1
DESTROZANDO,1
DESUSADA,1
DESVAN,3
DETALLES,3
DETENER,1
DETENERLES,1
DETENERSE,1
DETENIANSE,1
DETENIDO,1
DETENIENDO,1
DETENIENDOLA,1
DETIENE,1
DETONACION,2
DETRAS,7
DETUVIERA,2
DETUVIERONSE,1
DETUVO,3
DETUVOSE,2
DEVORADOS,1
DEVORAR,1
DEVOTAMENTE,1
DIABLO,3
DIABLOS,1
DIARIA,2
DIARIAMENTE,1
DICEN,2
DICES,1
DICHA,3
DICHO,3
DICIENDO,2
DIENTES,2
DIERA,1
DIERON,3
DIESE,1
DIFICIL,1
DIFICULTAD,1
DIFUNTA,1
DIGESTION,1
DIGNO,1
DIJERA,1
DIJERAN,1
DIJERON,1
DIJES,1
DIJESEN,1
DILIGENCIA,1
DIMITIR,1
DINERO,18
DIPUTADO,10
DIRECCION,2
DIRECCIONES,1
DIRECTAMENTE,1
DIRIA,2
DIRIGIA,2
DIRIGIO,1
DIRIGIRSE,1
DISCIPLINADO,1
DISCIPULO,1
DISCURSO,1
DISCUTIAN,1
DISGUSTO,3
DISGUSTOS,2
DISIMULO,1
DISPARADO,1
DISPARANDO,1
DISPARATE,1
DISPARO,2
DISPENSE,3
DISPONDRA,1
DISPONIBLES,1
DISPOSICION,1
DISPUESTO,1
DISPUTA,1
DISPUTABAN,1
DISTANCIA,4
DISTANCIAS,1
DISTINGAN,1
DISTINGUIA,1
DISTINGUIAN,1
DISTINGUIR,2
DISTINTA,1
DISTINTAS,1
DISTRACCION,1
DISTRITO,15
DIVERTIAN,1
DIVERTIDISIMO,1
DIVERTIRSE,2
DIVINO,1
DIVORCIADO,1
DOBLANDOSE,1
DOBLAR,1
DOBLE,2
DOBLES,1
DOCENA,1
DOCIL,1
DOCUMENTACION,1
DOLENCIAS,1
DOLIA,1
DOLIAN,1
DOLOR,9
DOLORES,2
DOLOROSAMENTE,1
DOLOROSO,1
DOMADOR,1
DOMAR,1
DOMESTICANDOLA,1
DOMICILIO,1
DOMINABA,1
DOMINADO,1
DOMINAR,1
DOMINGO,3
DOMINGOS,1
DOMPEDROS,1
DONCELLA,2
DONDE,24
DORADAS,1
DORMI,1
DORMIA,1
DORMIAN,3
DORMIDO,3
DORMIR,3
DORMIRE,1
DORMIRSE,1
DORMITORIO,3
DOSCIENTAS,1
DOSCIENTOS,1
DRAMA,2
DUCHA,1
DUDAR,2
DUDAS,1
DUELOS,1
DUENDES,1
DUERME,2
DUERMO,1
DUEÑO,4
DULCE,7
DULCEMENTE,1
DULZURA,1
DUQUESAS,1
DURABAN,1
DURAMENTE,1
DURANTE,5
DUREZA,1
DURMIENDO,1
DURMIESEN,1
DUROS,8
EBRIOS,3
ECHABAN,1
ECHABANSE,1
ECHADO,1
ECHANDO,4
ECHANDOLO,1
ECHANDOSE,2
ECHAR,3
ECHARA,1
ECHARLA,2
ECHARSE,1
ECHASE,1
EDUCACION,1
EDUCADA,1
EFECTIVAMENTE,1
EFECTO,1
EFECTOS,1
EFUSION,1
EGOISMO,2
EGOISTA,2
EJECUTAR,1
EJECUTOR,1
EJEMPLO,1
EJERCIA,1
ELECCION,1
ELECCIONES,2
ELECTORAL,2
ELEGANCIA,1
ELEGANTE,4
ELEVO,1
ELLAS,4
ELLOS,22
EMANCIPACION,1
EMANCIPADO,1
EMANCIPARON,1
EMBADURNANDOLES,1
EMBAJADORES,1
EMBALADORES,1
EMBARCACION,2
EMBARCACIONES,2
EMBARGO,6
EMBARRANCAMOS,1
EMBARRANCAR,1
EMBESTIMOS,1
EMBETUNADA,1
EMBORRACHO,1
EMBORRONADAS,1
EMBOSCADO,2
EMBOZADOS,1
EMBOZO,1
EMBRAZADO,1
EMBRIAGADORA,1
EMBRIAGUEZ,2
EMBROLLADAS,1
EMBRUJARLO,1
EMBRUTECIA,1
EMBRUTECIDAS,1
EMOCION,4
EMOCIONABA,1
EMPALAGOSA,1
EMPALIZADA,1
EMPAPADO,1
EMPAÑADOS,2
EMPEDERNIDO,1
EMPERADOR,1
EMPEÑO,1
EMPLEADO,7
EMPLEADOS,3
EMPLEASE,1
EMPLEO,2
EMPOLVADO,1
EMPOLVADOS,1
EMPORCARLO,1
EMPRENDER,3
EMPRENDIERON,1
EMPRENDIO,2
EMPRESARIO,2
EMPRESAS,1
EMPUJABAN,1
EMPUJADO,2
EMPUJANDO,1
EMPUJANDOLE,1
EMPUJANDOLO,1
EMPUJON,1
EMPUJONES,2
EMPUÑABA,2
EMPUÑANDO,1
ENAGUAS,1
ENAMORADO,1
ENAMORICARSE,1
ENARDECERLA,1
ENARDECIDO,2
ENARDECIO,1
ENCALLADAS,1
ENCANTABAN,1
ENCANTADO,1
ENCANTO,2
ENCARARSE,1
ENCARGADO,2
ENCARGANDOLE,1
ENCARGARIAN,1
ENCARGO,1
ENCENDIDOS,2
ENCERRADA,1
ENCERRO,1
ENCIERRO,3
ENCIMA,4
ENCLAVADA,1
ENCLENQUE,2
ENCOGIA,1
ENCOGIDA,1
ENCOGIDO,1
ENCONTRABA,6
ENCONTRABAN,2
ENCONTRABASE,1
ENCONTRADO,4
ENCONTRANDO,3
ENCONTRAR,4
ENCONTRAREIS,1
ENCONTRARLO,1
ENCONTRARME,1
ENCONTRARON,4
ENCONTRASEN,1
ENCONTRO,3
ENCORVADO,2
ENCORVADOS,2
ENCORVANDO,1
ENCORVARONSE,1
ENCRESPADO,1
ENCUENTRA,2
ENCUENTRAS,1
ENCUENTRO,10
ENCUENTROS,1
ENDIABLADO,1
ENDULZADO,1
ENEMIGAS,1
ENEMIGO,8
ENEMIGOS,5
ENERGIA,1
ENERGICA,1
ENERGICOS,1
ENFADABA,2
ENFADARSE,1
ENFASIS,1
ENFERMA,9
ENFERMEDAD,5
ENFERMO,5
ENFRENTE,2
ENFURECIA,1
ENGANCHAR,1
ENGAÑABA,2
ENGAÑABAN,1
ENGAÑARLA,1
ENGAÑAS,1
ENGAÑO,1
ENGAÑOSA,1
ENGENDRADO,1
ENGORDANDO,1
ENGUANTADA,1
ENGULLIA,1
ENIGMATICA,1
ENJAMBRES,1
ENJUGOSE,1
ENJUTO,2
ENLOQUECERME,1
ENLOQUECIA,1
ENNEGRECIDO,1
ENORME,9
ENORMES,6
ENORMIDAD,1
ENREDADERAS,1
ENREDANDOSE,1
ENRIQUETA,13
ENROJECIA,1
ENROJECIAN,1
ENROJECIO,1
ENROLLANDOLO,1
ENROSCADO,1
ENSANCHANDOSE,1
ENSARTO,1
ENSEÑANDO,1
ENSEÑAR,2
ENSEÑO,1
ENSUCIO,1
ENSUEÑO,1
ENSUEÑOS,1
ENTECO,1
ENTENDERIA,1
ENTENDIA,2
ENTERA,1
ENTERAS,3
ENTEREZA,1
ENTERNECER,1
ENTERNECIMIENTO,1
ENTERO,1
ENTEROS,3
ENTERRADO,1
ENTERRADORES,1
ENTERRADOS,1
ENTIENDE,1
ENTIENDEN,1
ENTIENDES,1
ENTONABA,1
ENTONACION,3
ENTONANDO,1
ENTONCES,9
ENTORNADA,1
ENTORPECIMIENTO,1
ENTRA,1
ENTRABA,4
ENTRABAN,1
ENTRADA,1
ENTRADO,4
ENTRANDO,2
ENTRAR,7
ENTRARON,1
ENTRASEN,1
ENTRAÑAS,5
ENTRE,44
ENTREABIERTO,1
ENTRECORTADA,1
ENTREGABAN,1
ENTREGADO,1
ENTREGARAN,1
ENTREGARLE,1
ENTREGO,1
ENTRETENIDO,1
ENTRETENIENDO,1
ENTREVISTA,2
ENTRO,4
ENTURBIARON,1
ENTUSIASMABA,1
ENTUSIASMO,9
ENUMERABA,1
ENVEJECEN,1
ENVENENADA,2
ENVENENAORA,1
ENVIABA,3
ENVIABAN,1
ENVIANDOLA,1
ENVIARME,1
ENVIARON,1
ENVIDIA,2
ENVIDIABA,2
ENVIDIABAN,1
ENVIDIOSAS,1
ENVIO,1
ENVOLTORIO,2
ENVOLTURA,2
ENVOLVIA,2
ENVUELTA,1
ENVUELTO,4
EPIDEMIA,1
EPIDERMIS,1
EPOCA,4
EQUILIBRIO,3
EQUIVOCA,1
EQUIVOCACION,1
EQUIVOCADO,1
ERAMOS,2
ERGUIA,3
ERGUIANSE,1
ERGUIDA,2
ERGUIRSE,1
ERIZABA,1
ERIZO,1
ERNESTINA,15
ERRADO,1
ERRANTE,1
ERRASE,1
ERROR,1
ERUCTOS,1
ESBELTA,5
ESBELTO,1
ESBOZADAS,1
ESCALANDO,1
ESCALERILLA,1
ESCALON,1
ESCAMAS,2
ESCANDALO,4
ESCANDALOS,1
ESCANDALOSA,1
ESCAPABA,2
ESCAPABAN,1
ESCAPAMOS,1
ESCAPAR,1
ESCAPE,2
ESCAPULARIOS,1
ESCARNIO,1
ESCASA,1
ESCASEABA,1
ESCASO,2
ESCENA,4
ESCENAS,1
ESCLAVITUD,1
ESCLAVO,1
ESCLAVOS,6
ESCOBA,1
ESCOBAS,3
ESCOGER,2
ESCOGERLO,1
ESCOGIDO,2
ESCOGIO,1
ESCOLLERA,1
ESCOMBROS,1
ESCONDERLO,1
ESCOPETA,12
ESCOPETAS,1
ESCOPETAZO,2
ESCOPETAZOS,1
ESCOTILLA,3
ESCRIBIA,3
ESCRIBIRIA,1
ESCRUPULOS,1
ESCUCHABA,4
ESCUCHADO,1
ESCUCHARLE,1
ESCUCHO,2
ESCUDERO,1
ESCUDO,1
ESCUDRIÑANDO,1
ESCUETA,1
ESCUPEN,1
ESCUPIA,1
ESCURRIASE,1
ESFORZADOS,1
ESFUERZO,5
ESFUERZOS,1
ESPABILADO,1
ESPACIO,6
ESPADA,1
ESPALDA,5
ESPALDAS,9
ESPANTO,1
ESPANTOSAMENTE,1
ESPANTOSO,2
ESPARCIA,3
ESPARCIAN,1
ESPARCIENDO,1
ESPARCIO,1
ESPARTO,5
ESPAÑA,3
ESPAÑOL,1
ESPAÑOLA,3
ESPECTADORES,2
ESPEJOS,1
ESPERA,5
ESPERABA,5
ESPERANDO,7
ESPERANZA,1
ESPERANZAS,2
ESPERAR,1
ESPERARIA,1
ESPERARLE,1
ESPERASE,1
ESPERO,1
ESPESOS,1
ESPIABAN,1
ESPIADO,1
ESPINAZO,2
ESPIONAJE,1
ESPIRITU,1
ESPLENDIDA,1
ESPLENDIDO,1
ESPLENDORES,1
ESPOLEADAS,1
ESPOLEANDO,1
ESPOLVOREADO,1
ESPOLVOREADOS,1
ESPONTANEAMENTE,1
ESPOSA,4
ESPOSO,4
ESPOSOS,2
ESPUMA,3
ESPUMARAJOS,2
ESPUMAS,2
ESQUELETOS,3
ESQUIFE,1
ESQUILONES,1
ESQUINA,2
ESQUIVA,1
ESTABA,89
ESTABAMOS,2
ESTABAN,16
ESTABLO,1
ESTACAS,1
ESTACION,10
ESTACIONES,2
ESTADO,5
ESTALLABAN,1
ESTALLANDO,1
ESTALLAR,2
ESTALLO,1
ESTAMOS,4
ESTAMPAS,1
ESTAMPIDO,1
ESTAN,3
ESTANDO,4
ESTAR,4
ESTARA,1
ESTARE,1
ESTARIA,2
ESTARIAN,3
ESTAS,11
ESTATURA,1
ESTAÑO,1
ESTEBAN,1
ESTELA,1
ESTEN,1
ESTERILIDAD,1
ESTERTOR,1
ESTES,1
ESTILO,1
ESTIRANDO,1
ESTIRON,1
ESTIVAL,1
ESTOCADA,1
ESTOMAGO,3
ESTOS,11
ESTOY,5
ESTRAFALARIA,1
ESTRATAGEMAS,1
ESTRECHA,2
ESTRECHANDO,1
ESTRECHAS,1
ESTRECHEZ,2
ESTRECHO,1
ESTRECHOS,1
ESTRELLA,1
ESTRELLARSE,2
ESTRELLAS,8
ESTREMECERSE,1
ESTREMECI,1
ESTREMECIA,1
ESTREMECIAN,1
ESTREMECIANSE,1
ESTREMECIASE,1
ESTREMECIDA,1
ESTREMECIENDOLE,1
ESTREMECIENDOSE,4
ESTREMECIMIENTOS,4
ESTREMECIO,1
ESTREPITO,3
ESTREPITOSAMENTE,1
ESTRIBO,3
ESTRIBOS,1
ESTRIDENTE,1
ESTRO,1
ESTRUJABAN,1
ESTUDI,1
ESTUPEFACCION,1
ESTUPIDA,2
ESTUPIDO,1
ESTUVE,1
ESTUVIERA,3
ESTUVIERAN,2
ESTUVIERON,1
ESTUVIESE,2
ESTUVO,1
ETERNA,3
ETERNO,4
EUNUCO,1
EUROPA,2
EVITABAN,1
EVITANDO,1
EVITAR,4
EVITARLO,1
EXACTA,1
EXAMENES,1
EXCELENTES,1
EXCESIVO,1
EXCESO,1
EXCITABA,1
EXCLAMACIONES,1
EXCLAMO,1
EXCUSAS,1
EXHALABA,2
EXIGE,1
EXIGEN,1
EXIGENCIAS,1
EXIGIRSELAS,1
EXISTENCIA,3
EXISTIERAN,1
EXITOS,1
EXPANSION,1
EXPECTACION,1
EXPEDICIONES,1
EXPERIMENTABA,2
EXPERIMENTADAS,1
EXPERIMENTADO,1
EXPERIMENTARON,1
EXPERIMENTO,2
EXPLORANDO,1
EXPLOSIVAS,1
EXPONEN,1
EXPONIENDO,2
EXPONIENDOTE,1
EXPRESANDO,1
EXPRESION,10
EXPRESIONES,1
EXPRESIVAMENTE,1
EXPRÈS,1
EXTASIABA,1
EXTASIABAN,1
EXTASIS,1
EXTATICA,1
EXTENDERME,1
EXTENDIA,2
EXTENDIANSE,2
EXTENDIDAS,1
EXTENDIENDO,2
EXTENSION,1
EXTERIOR,1
EXTERMINARSE,1
EXTINGUE,1
EXTINGUIDA,1
EXTINGUIDO,1
EXTINGUIRSE,1
EXTRANJERO,1
EXTRAVIADA,1
EXTRAÑA,4
EXTRAÑABA,1
EXTRAÑASE,1
EXTRAÑEZA,1
EXTRAÑO,3
EXTREMABA,2
EXTREMANDOSE,1
EXTREMO,4
EXTREMOS,2
FABRICADO,1
FABRICO,1
FACHA,1
FACIL,1
FACILIDAD,1
FACILMENTE,1
FACULTADES,1
FAENA,2
FALDA,2
FALDAMENTA,1
FALDAS,4
FALTA,4
FALTABA,3
FALTABAN,2
FALTADO,1
FALTAN,1
FALTARLES,1
FALTASE,2
FALTO,2
FALUCHO,1
FAMILIA,29
FAMILIAS,7
FAMOSA,1
FAMOSO,5
FANGOSA,1
FANTASMA,2
FANTASMAS,2
FANTASMON,1
FANTASTICA,2
FARDO,1
FARDOS,7
FARSA,1
FARSANTE,1
FASTIDIO,2
FATIGA,1
FATIGABA,1
FATIGADO,1
FATIGARLA,1
FATIGAS,1
FATIGOSO,1
FATUIDAD,1
FAVOR,2
FAVORECIA,1
FAVORITO,2
FAVORITOS,1
FECUNDA,1
FECUNDIDAD,1
FELICES,6
FELICIDAD,3
FELICITACIONES,1
FELINA,2
FELIPE,1
FELIZ,5
FEMENIL,1
FERIA,1
FEROCES,1
FEROCIDAD,1
FEROZ,5
FERRAMENTA,1
FERREA,1
FERREAS,1
FERVOR,1
FESTEJADO,1
FESTIN,1
FETIDA,1
FIARME,1
FIEBRE,1
FIELES,2
FIERA,8
FIEREZA,1
FIESTA,5
FIGURA,3
FIGURASE,1
FIGURATE,1
FIGURINES,1
FIJABA,1
FIJABAN,1
FIJAMENTE,4
FIJANDO,1
FIJANDOSE,1
FIJAR,1
FIJARIA,1
FIJARSE,2
FIJOS,1
FILARMONIA,1
FILAS,1
FILIACION,2
FILLA,1
FILOSOFO,1
FILTRABA,1
FILTRANDOSE,3
FINAL,3
FINGES,1
FINGIA,1
FINGIAMOS,1
FINGIR,1
FINGIRSE,2
FINURA,1
FIRMA,1
FIRME,3
FIRMEMENTE,1
FIRMES,1
FIRMEZA,2
FIRMICA,3
FISCAL,2
FLACAS,1
FLACO,2
FLANCOS,2
FLAQUEABAN,1
FLOJO,3
FLORES,16
FLORIDA,3
FLOTA,1
FLOTABA,5
FLOTE,1
FLOTILLA,1
FOGONAZOS,1
FOGONEROS,1
FOLIOS,4
FOLLAJE,3
FONDA,2
FONDO,16
FOQUE,1
FORMA,1
FORMABA,1
FORMABAN,5
FORMADO,1
FORMAL,2
FORMANDO,5
FORMAR,1
FORMASEN,1
FORMIDABLE,1
FORMO,1
FORMULABA,1
FORNIDA,1
FORRADO,1
FORTUNA,4
FORZOSAMENTE,1
FOSCA,2
FOSFORESCENCIA,1
FOSFORESCENTES,1
FOSFOROS,1
FRAGANCIA,1
FRAGANTE,1
FRAGATA,1
FRAGMENTOS,1
FRAGUA,1
FRAILES,2
FRANCESES,1
FRANCHETTI,7
FRANCISCO,1
FRANCOS,1
FRANJAS,1
FRANQUEASEN,1
FRASE,1
FRATERNAL,1
FRATERNIDAD,1
FRATERNIZABAN,1
FRECUENTABA,1
FRECUENTES,1
FREGADO,1
FRENOS,1
FRENTE,25
FRESAS,1
FRESCA,2
FRESCO,2
FRESCURA,3
FRIALDAD,3
FRIAMENTE,1
FRITO,1
FRUNCIAN,1
FRUNCIDAS,1
FRUNCIDO,1
FRUNCIR,1
FRUTAS,2
FRUTO,1
FUEGO,8
FUERA,19
FUERAMOS,1
FUERON,9
FUERTE,8
FUERTES,6
FUERZA,13
FUERZAS,9
FUESE,17
FUESEN,7
FUGARSE,1
FUGITIVA,1
FULGOR,1
FUMANDO,2
FUMAR,2
FUNCIONARIO,5
FUNCIONARIOS,1
FUNCIONES,1
FUNDA,1
FUNEBRE,1
FUNERALES,1
FURIA,4
FURIOSO,5
FURIOSOS,2
FUROR,2
FUSIL,1
FUSILAR,1
FUSILES,1
FUTRO,1
GAFARRO,2
GALANES,1
GALERIAS,1
GALLARDIA,1
GALLINA,2
GALLINAS,2
GALLITO,1
GALON,1
GALOPE,1
GANADO,1
GANAR,5
GANARSE,3
GANAS,1
GANCHO,2
GANSO,1
GARGANTA,2
GARRA,1
GARRAPATEADAS,1
GARROTAZO,1
GARRUCHAS,1
GASTA,1
GASTABA,2
GASTE,1
GATEO,1
GATILLO,2
GATITA,1
GATITOS,1
GATOS,3
GAVILLAS,1
GAÑAN,2
GEMIA,6
GEMIAN,1
GEMIDOS,3
GEMIR,2
GENERACIONES,1
GENEROSIDAD,2
GENEROSO,2
GENIECILLO,1
GENIO,1
GENTE,37
GENTES,5
GENTILE,1
GENTIO,2
GERANIOS,2
GESTICULABA,1
GESTO,6
GESTOS,1
GIBRALTAR,3
GIGANTE,3
GIGANTES,1
GIMIENDO,2
GIMIO,3
GIRANDO,1
GITANO,2
GOBERNACION,1
GOBERNADOR,1
GOBIERNO,5
GOLFO,1
GOLOSINAS,1
GOLPE,14
GOLPEABAN,1
GOLPEADO,1
GOLPES,6
GORDA,5
GORGORITOS,1
GORRA,6
GORRAS,1
GORRION,1
GORROS,1
GOTAS,4
GOZABAN,1
GOZARA,1
GRACIA,4
GRACIAS,8
GRACIOSA,1
GRACIOSAMENTE,1
GRACIOSAS,1
GRACIOSISIMO,1
GRACIOSO,1
GRADACIONES,1
GRADAS,1
GRANA,1
GRANDE,9
GRANDES,3
GRANDISIMA,1
GRANEL,2
GRANUJA,3
GRANUJAS,2
GRANUJIENTA,1
GRASA,1
GRASIENTAS,1
GRATO,1
GRAVEDAD,1
GREÑAS,1
GRIETAS,2
GRILLOS,1
GRISES,2
GRITA,1
GRITABA,9
GRITABAN,2
GRITAR,1
GRITARON,2
GRITO,10
GRITOS,12
GROTESCA,1
GRUESA,4
GRUESO,2
GRUESOS,2
GRUMETE,2
GRUPOS,2
GRUÑIAN,1
GRUÑIDOS,2
GUANTE,1
GUAPA,1
GUAPETONA,2
GUAPO,2
GUAPOS,1
GUARDABA,4
GUARDAR,3
GUARDARON,1
GUARDIA,9
GUARDIAS,6
GUERREROS,1
GUIABAN,1
GUINEA,1
GUIÑABA,1
GUIÑANDO,1
GUIÑAPOS,1
GUIÑAR,1
GUIÑO,1
GUSANO,1
GUSTA,1
GUSTABAN,1
GUSTARIA,1
GUSTE,1
GUSTO,4
HABANA,1
HABER,7
HABIA,143
HABIAMOS,3
HABIAN,45
HABIASE,1
HABIDO,1
HABILIDADES,1
HABITACION,5
HABITACIONES,1
HABITUADO,1
HABITUADOS,1
HABLA,1
HABLABA,13
HABLABAN,7
HABLABANLE,1
HABLABASE,1
HABLADO,2
HABLANDO,7
HABLAR,13
HABLARIAN,1
HABLARLA,1
HABLARLAS,1
HABLARLE,1
HABLARON,2
HABLASE,1
HABLO,3
HABRA,2
HABRIA,7
HABRIAN,3
HACED,1
HACEMOS,1
HACEN,2
HACER,17
HACERLA,2
HACERLE,2
HACERLES,1
HACERLO,1
HACERME,2
HACERNOS,1
HACERSE,3
HACES,1
HACHA,1
HACHAZOS,1
HACIA,44
HACIALE,1
HACIAME,1
HACIAN,10
HACIANSE,1
HACIENDA,1
HACIENDO,10
HACIENDOLA,2
HACIENDOLE,2
HACIENDOLES,1
HACIENDOSE,1
HAGAN,1
HALAGABA,1
HALAGABAN,1
HALAGADO,1
HALLABA,1
HAMBRE,4
HAMBRIENTA,1
HAMBRIENTO,1
HAMBRIENTOS,1
HARAPO,1
HARIA,1
HARIAN,1
HARINA,1
HARTURA,1
HASTA,73
HAZAÑA,2
HAZAÑAS,2
HECHA,3
HECHAS,1
HECHO,12
HECHOS,1
HEDOR,1
HEMBRA,1
HEMOS,2
HERALDO,1
HEREDADOS,1
HEREDERA,1
HERIDO,1
HERIDOS,1
HERMANO,7
HERMANOS,2
HERMOSA,21
HERMOSAS,1
HERMOSO,2
HERMOSOS,1
HERMOSURA,4
HEROE,2
HERRAMIENTA,1
HERRAMIENTAS,1
HERVIA,2
HERVIAN,1
HERVIR,3
HICIERA,2
HICIERON,5
HICIESE,1
HIENA,1
HIERBA,2
HIERBAJOS,1
HIERBAS,1
HIERRO,5
HIERROS,1
HIGOS,1
HIGUERA,2
HIJAS,2
HIJOS,12
HIJUELOS,1
HILILLO,1
HILOS,3
HIMNO,1
HINCHABA,1
HINCHADA,2
HINCHADAS,1
HINCHADO,4
HINCHADOS,1
HINCHANDO,1
HINCHO,1
HIPOCRESIAS,1
HIPOCRITON,1
HISTORIA,8
HISTORIAS,1
HOCICO,1
HOGAR,2
HOJAS,6
HOJEABA,1
HOJEABAN,1
HOMBRE,55
HOMBRECILLO,3
HOMBRES,41
HOMBRO,4
HOMBRON,1
HOMBROS,7
HONDAS,1
HONDO,1
HONOR,6
HONRADA,1
HONRADEZ,2
HONRADO,1
HONROSO,1
HOPAS,2
HORAS,21
HORIZONTALES,1
HORIZONTE,5
HORMIGAS,1
HORMIGUERO,2
HORNO,21
HORNOS,1
HORQUILLA,1
HORRIPILANTES,2
HORROR,2
HORROROSAS,1
HORTELANA,1
HOSPEDAJE,1
HOSPITAL,3
HOSTIL,1
HOSTILES,2
HOTEL,7
HUBIERA,7
HUBIERAMOS,2
HUBIERAN,3
HUBIESE,7
HUBIESEN,1
HUECA,2
HUECO,1
HUECOS,1
HUERTA,12
HUERTANAS,1
HUERTECILLO,3
HUERTO,14
HUERTOS,2
HUESO,1
HUESOS,4
HUESOSAS,1
HUESPED,1
HUEVO,1
HUIAN,2
HUIDA,1
HUIDO,2
HUMANA,2
HUMANO,2
HUMAREDA,1
HUMEANTE,1
HUMEAR,1
HUMEDAD,2
HUMILDAD,3
HUMILDE,2
HUMILDEMENTE,1
HUMILLACIONES,1
HUMILLO,1
HUMOR,2
HUNDIA,3
HUNDIAN,1
HUNDIANSE,1
HUNDIDO,1
HUNDIENDO,2
HUNDIO,3
HURACAN,2
HUSMEABAN,1
HUYENDO,1
HUYESE,1
IBAMOS,2
IDEAS,3
IDOLO,4
IGLESIA,2
IGLESIAS,3
IGNORA,1
IGNORANTE,1
IGUAL,3
IGUALABAN,1
IGUALDAD,1
IGUALES,3
ILUSION,1
ILUSTRADOS,1
IMAGEN,3
IMAGINABA,2
IMAGINACION,2
IMAGINANDOSE,1
IMAGINARIA,1
IMBECILES,1
IMITE,1
IMPACIENCIA,1
IMPACIENTES,1
IMPASIBLE,2
IMPEDIA,1
IMPERATIVA,1
IMPERCEPTIBLE,1
IMPERIAL,1
IMPERIOSA,1
IMPERIOSAS,1
IMPERIOSO,1
IMPERIOSOS,1
IMPERTURBABLE,1
IMPLACABLE,1
IMPLORANDO,1
IMPLORAR,1
IMPONENTE,1
IMPONER,1
IMPONIAN,1
IMPORTA,3
IMPORTABA,1
IMPORTABAN,1
IMPORTANCIA,1
IMPORTANTE,2
IMPOSIBILITAR,1
IMPOSIBLE,5
IMPOTENTE,1
IMPREGNABA,1
IMPREGNADA,1
IMPREGNADAS,1
IMPREGNADO,1
IMPREGNAN,1
IMPRESION,2
IMPRESIONADO,1
IMPRESIONES,1
IMPRUDENCIA,1
IMPRUDENTES,1
IMPULSADA,2
IMPULSADO,1
IMPULSO,2
IMPULSOS,3
IMPUNEMENTE,1
IMPUSO,1
INACTIVA,1
INAGOTABLE,1
INALTERABLE,2
INCAPAZ,1
INCENDIADA,1
INCENDIARSE,1
INCENDIO,3
INCENSARIO,1
INCESANTE,2
INCIENSO,1
INCLINABA,1
INCLINADO,2
INCLINADOS,1
INCLINASEN,1
INCLINO,3
INCLUSA,1
INCOGNITO,1
INCOLUMES,1
INCORPORABA,1
INCORPORANDOSE,1
INCORPORAR,1
INCORPORARME,1
INCORPORARSE,3
INCORPORO,2
INCRUSTANDOSELE,1
INCURRA,1
INDECENTE,1
INDECISO,1
INDECISOS,1
INDICACIONES,1
INDICADOR,1
INDIFERENCIA,1
INDIFERENTES,1
INDIGESTION,1
INDIGNACION,2
INDIGNADO,1
INDIGNO,1
INDINA,1
INDIVIDUO,1
INDOLENTEMENTE,1
INDUDABLE,2
INDULTADO,1
INDULTO,10
INERTE,2
INESPERADAMENTE,1
INESPERADO,2
INESPERADOS,1
INEVITABLE,1
INEXPERIENCIA,1
INEXPERTA,1
INEXPLICABLE,1
INFANCIA,1
INFANTIL,3
INFATIGABLE,1
INFECTA,2
INFELICES,3
INFELIZ,5
INFERNAL,3
INFESTABAN,1
INFIDELIDAD,1
INFIDELIDADES,1
INFIEL,1
INFIELES,1
INFIERNO,4
INFILTRADO,1
INFINITO,1
INFLAMABASE,1
INFLAMADA,1
INFLUENCIAS,1
INFLUIDO,1
INFLUIDOS,1
INFLUYENTES,2
INFRANQUEABLE,1
INFRUCTUOSAS,1
INFUNDIA,2
INGENUA,1
INGLATERRA,1
INGLES,1
INGLESA,1
INGLESES,1
INGRATOS,1
INICIAL,1
INICIATIVA,1
ININTELIGIBLE,1
INJUSTICIA,1
INMEDIATA,4
INMEDIATAMENTE,2
INMEDIATO,6
INMEDIATOS,1
INMENSA,2
INMENSIDADES,1
INMENSO,1
INMOVIL,8
INMOVILES,2
INMOVILIDAD,2
INMUTO,1
INNUMERABLES,1
INOCENCIA,1
INOCENTE,1
INQUIETA,1
INQUIETANTES,1
INQUIETAS,2
INQUIETO,1
INQUIETOS,1
INQUIETUD,3
INQUILINO,1
INSACIABLE,1
INSECTOS,2
INSEGURO,1
INSENSIBLE,3
INSIGNIFICANTES,1
INSINUANTE,1
INSISTENTES,1
INSOLENCIA,3
INSOLENTE,4
INSPIRABA,1
INSPIRADA,1
INSPIRAR,1
INSTANTANEAMENTE,1
INSTANTE,4
INSTANTES,3
INSTINTIVA,3
INSTINTIVAMENTE,1
INSTINTIVO,1
INSTINTO,2
INSTITUCIONES,1
INSUBORDINADA,1
INSULTABAN,2
INSULTADO,1
INSULTAN,1
INSULTANDO,2
INSULTANDOSE,1
INSULTARLE,1
INSULTO,1
INSULTOS,1
INTELIGENCIA,1
INTEMPERIE,1
INTENSIDAD,1
INTENSO,1
INTENTABA,5
INTENTADO,1
INTENTANDO,3
INTENTARON,1
INTENTASE,1
INTENTE,1
INTENTO,2
INTERCALANDO,1
INTERCALAR,1
INTERES,1
INTERESADO,1
INTERESES,2
INTERIOR,8
INTERIORMENTE,1
INTERMINABLE,3
INTERMINABLES,1
INTERPONIA,1
INTERROGACION,1
INTERROGATIVA,1
INTERRUMPI,1
INTERRUMPIASE,1
INTERRUMPIDA,1
INTERRUMPIDO,1
INTERVALOS,1
INTERVENCIONES,1
INTERVINO,1
INTIMIDAD,1
INTRANQUILO,1
INTRODUCIA,1
INUNDABA,1
INUNDABASE,1
INUNDADA,1
INUNDADO,1
INUTIL,4
INUTILES,1
INUTILMENTE,2
INVADIDO,1
INVADIENDO,1
INVENCIONES,2
INVENTAR,1
INVENTO,1
INVENTOR,1
INVIERNO,7
INVISIBLE,2
INVITABA,1
INVITO,1
INYECCIONES,2
IRACUNDO,1
IRGUIENDO,1
IRGUIENDOSE,1
IRGUIERON,1
IRONIA,3
IRONICA,1
IRONICAMENTE,2
IRREGULAR,1
IRRESISTIBLE,1
IRRESPONSABLE,1
IRRITA,1
IRRITABA,2
IRRITACION,2
IRRITADO,3
IRRITADOS,1
ISABEL,1
ITALIANAS,1
ITALIANO,2
IZAMOS,1
JADEANTE,6
JAMAS,2
JARDIN,2
JASPEADO,1
JAZMINES,1
JESUS,1
JORNAL,2
JORNALERO,1
JORNALEROS,1
JOVEN,7
JOVENES,1
JOYAS,2
JUANILLO,8
JUBILO,1
JUDIADAS,1
JUDICIALES,1
JUDIO,1
JUEGAN,1
JUEGO,2
JUGABAN,1
JUGADO,1
JUGANDOSE,1
JUGAR,1
JUGUETE,2
JUGUETES,2
JUICIO,1
JUNTAR,1
JUNTO,17
JUNTOS,2
JURABA,2
JURABAN,1
JURAMENTOS,4
JURAR,1
JUSTAMENTE,1
JUSTICIA,4
JUSTIFICABA,1
JUSTIFICAR,1
JUSTO,1
JUVENTUD,2
JUZGABA,1
JUZGAR,1
LABIOS,7
LABRADOR,1
LABRADORAS,1
LABRADORES,1
LABRIEGOS,1
LADOS,5
LADRABAN,1
LADRIDOS,1
LADRILLO,1
LADRILLOS,1
LADRON,6
LADRONES,3
LAGARTIJA,1
LAGRIMAS,13
LAGRIMITAS,1
LAMENTANDO,1
LAMENTOS,2
LAMIENDO,1
LAMINA,1
LAMPARA,2
LANCHA,1
LANCHAS,1
LANZABA,2
LANZABAN,2
LANZABANLA,1
LANZADAS,1
LANZADO,4
LANZANDO,5
LANZARA,1
LANZARSE,1
LANZO,4
LARGA,5
LARGAS,4
LARGO,7
LASTIMA,3
LATIGAZO,1
LATIGAZOS,2
LATIGO,3
LATINA,3
LATINES,1
LAUDES,2
LAVADERO,1
LAVANDERAS,1
LAZOS,1
LECCION,1
LECHE,1
LECHO,2
LECTURAS,1
LEGACION,1
LEGITIMA,1
LEGITIMO,2
LEGUAS,1
LEIASE,1
LEIDO,3
LEJANA,1
LEJANAS,1
LEJANO,2
LEJANOS,2
LEJOS,20
LENGUA,5
LENTA,2
LENTAMENTE,7
LENTAS,1
LENTES,1
LENTITUD,2
LENTO,3
LEONES,1
LESIONES,1
LETRA,1
LETRAS,1
LETREROS,1
LEVANTABA,4
LEVANTABAN,1
LEVANTAN,1
LEVANTANDO,2
LEVANTAR,5
LEVANTARAN,1
LEVANTARON,1
LEVANTARSE,1
LEVANTINA,1
LEVANTO,4
LEYENDA,4
LIABAN,1
LIBERTAD,9
LIBRA,2
LIBRADO,1
LIBRARLE,1
LIBRARSE,3
LIBRE,4
LIBREMENTE,1
LIBRES,5
LIGABA,1
LIGAN,1
LIGERA,2
LIGEREZA,1
LIGEREZAS,2
LIGEROS,1
LIMITABA,1
LIMITANDO,1
LIMOSNA,1
LIMPIA,1
LIMPIADO,1
LIMPIEZA,3
LINDABAN,1
LINEA,2
LINEAS,1
LIQUIDARSE,1
LISTA,2
LISTADA,1
LISTO,1
LISTOS,2
LIVIDA,1
LIVIDO,1
LLAMA,1
LLAMABA,6
LLAMABAN,4
LLAMADO,2
LLAMADOS,1
LLAMAN,5
LLAMANDO,1
LLAMANDOLE,1
LLAMAR,2
LLAMARLE,1
LLAMARON,1
LLAMAS,4
LLAMEANTE,1
LLAMO,2
LLANO,2
LLANTO,2
LLANURAS,1
LLAVE,2
LLAVES,1
LLEGA,2
LLEGABA,4
LLEGABAN,2
LLEGADA,2
LLEGADO,5
LLEGANDO,2
LLEGAR,11
LLEGARON,1
LLEGASE,4
LLEGASEN,1
LLEGO,9
LLENA,1
LLENANDO,2
LLENAR,1
LLENAS,1
LLENASEN,1
LLENO,2
LLENOS,1
LLEVA,4
LLEVABA,4
LLEVABAN,2
LLEVADO,3
LLEVAN,1
LLEVANDO,2
LLEVANDOLE,1
LLEVANDOLO,1
LLEVANDOSE,1
LLEVAR,3
LLEVARAN,1
LLEVARIAN,1
LLEVARON,1
LLEVARSE,2
LLEVARSELO,1
LLEVASE,1
LLEVENME,1
LLEVO,3
LLORABA,6
LLORANDO,1
LLORAR,3
LLORE,1
LLORIQUEABA,2
LLORO,4
LLORONA,1
LLOROS,1
LLOVET,7
LLUVIA,3
LLUVIAS,1
LLUVIOSA,1
LOBAS,1
LOBOS,2
LOCAMENTE,1
LOCAS,2
LOCOMOTORA,2
LOCURA,4
LOGICA,1
LOGICO,1
LOGRABA,1
LOHENGRIN,2
LOMBRICES,1
LONDRES,1
LOPEZ,4
LORITO,1
LOSAS,1
LUCES,2
LUCHA,4
LUCHARA,1
LUCHAS,1
LUCIAN,1
LUCIERNAGAS,1
LUCIR,1
LUEGO,2
LUGAR,5
LUGUBRE,3
LUGUBREMENTE,1
LUMINOSAS,1
MACHACADA,1
MACHOS,3
MACIZOS,2
MADERA,1
MADERO,1
MADRE,16
MADRES,2
MADRID,22
MADRUGADA,1
MADRUGADAS,1
MADRUGAR,1
MAESTRAZO,1
MAESTRO,4
MAESTROS,1
MAGDALENA,1
MAGISTRALMENTE,1
MAGNIFICAS,1
MAGNIFICO,3
MAGNIFICOS,1
MAGNOLIAS,1
MAGNOLIEROS,1
MAGULLADO,1
MAGULLADOS,1
MAJAS,1
MAJESTAD,1
MAJESTUOSA,2
MAJESTUOSO,2
MAJESTUOSOS,1
MALAS,5
MALDICIENDO,1
MALDICION,1
MALDICIONES,4
MALDIJO,1
MALDITA,4
MALDITAS,1
MALDITO,8
MALDITOS,3
MALEFICA,1
MALETA,1
MALETAS,1
MALHABLADO,1
MALHUMORADO,1
MALICIA,2
MALICIOSA,2
MALICIOSAMENTE,1
MALICIOSAS,1
MALICIOSO,1
MALICIOSOS,1
MALIGNOS,1
MALOS,1
MAMPARA,1
MANADA,1
MANAZA,1
MANAZAS,1
MANCHA,6
MANCHADA,1
MANCHANDOSE,1
MANCHAS,1
MANCHASE,1
MANDA,2
MANDASE,1
MANDIBULAS,1
MANDIL,1
MANDO,2
MANEJABA,1
MANERA,3
MANIA,1
MANIFESTACION,1
MANIFESTAR,1
MANIOBRA,1
MANIOBRABA,1
MANIOBRAS,1
MANIQUI,3
MANIRROTO,1
MANOJOS,1
MANOS,27
MANOSEADOS,1
MANOTEO,1
MANOTEOS,1
MANSA,2
MANSAMENTE,1
MANTA,2
MANTAS,2
MANTECAS,1
MANTENER,1
MANTENIA,1
MANTILLA,1
MANTUVO,1
MANUBRIO,1
MAQUINA,2
MAQUINAS,2
MARAVILLAS,1
MARAVILLOSAS,1
MARAVILLOSO,1
MARAÑA,1
MARCABA,1
MARCABAN,1
MARCABANSE,1
MARCANDOSE,1
MARCHA,10
MARCHABA,1
MARCHABAN,2
MARCHANDO,1
MARCHAR,4
MARFIL,1
MARGARITAS,1
MARIA,1
MARIDO,31
MARIDOS,1
MARIETA,21
MARINA,2
MARINERA,2
MARINERO,2
MARINEROS,7
MARIPOSAS,1
MARITIMO,1
MARQUES,1
MARRULLERA,1
MARTIRIO,1
MARTIRIZABA,2
MASAS,1
MASCADO,2
MASCARA,2
MASCULLABA,1
MASCULLANDO,1
MASIAS,1
MASTIL,7
MASTILES,1
MATABA,2
MATABAN,2
MATADERO,2
MATADOR,1
MATAM,2
MATAMOS,1
MATAN,1
MATANDO,3
MATAR,9
MATARLE,1
MATEN,1
MATERIA,2
MATERIAL,1
MATERNIDAD,1
MATINAL,1
MATRICULA,3
MATRIMONIO,4
MAULLABA,1
MAULLIDOS,1
MAYOR,9
MAYORES,4
MAÑANA,12
MAÑANAS,2
MECANICOS,1
MECIDO,2
MEDALLAS,1
MEDIA,13
MEDIARON,1
MEDIAS,2
MEDICO,7
MEDICOS,2
MEDIO,14
MEDIODIA,3
MEDIQUIN,1
MEDITERRANEO,2
MEDROSICA,1
MEJILLA,1
MEJILLAS,1
MEJOR,16
MEJORES,3
MELANCOLIA,1
MELODIAS,1
MELONES,1
MEMORIA,5
MENDRUGO,2
MENEO,1
MENJURJES,1
MENOR,7
MENORES,1
MENOS,20
MENTALMENTE,3
MENTIR,1
MENTIRA,3
MENTIRAS,3
MENUDA,1
MENUDAS,1
MENUDO,1
MENUT,15
MERCADERES,1
MERCADO,5
MERCANCIAS,1
MERCÈ,2
MERECE,1
MERECEDOR,1
MERECEMOS,1
MERECIA,1
MERECIAN,1
MERENDADO,1
MERENDERO,1
MERENDEROS,1
MERIENDA,2
MERIMEE,1
MERITO,1
MERITOS,1
MESABA,1
MESAS,1
MESES,12
METER,1
METERLO,1
METERME,1
METERNOS,1
METERSE,5
METIA,5
METIDO,2
METIDOS,1
METIENDO,2
METIENDOSE,1
METIERA,1
METIERON,1
METRALLA,1
MEZCLABA,1
MEZCLANDOSE,1
MIEDO,23
MIEDOS,3
MIEMBROS,1
MIENTRAS,25
MIGUELETE,2
MILAGRO,3
MILAGROSA,1
MILAGROSAMENTE,1
MILAN,1
MILLA,1
MILLARES,1
MILLONARIO,1
MILLONES,1
MIMOS,1
MINISTERIO,1
MINISTROS,1
MINUCIOSIDAD,1
MINUTOS,5
MIRABA,16
MIRABAN,5
MIRABANSE,1
MIRADA,20
MIRADAS,7
MIRADLA,1
MIRADO,2
MIRAMIENTO,1
MIRANDO,4
MIRANDOLA,1
MIRAR,3
MIRARLE,2
MIRARLO,1
MIRARSE,2
MISERABLE,5
MISERIA,5
MISERICORDIA,2
MISERO,1
MISMA,7
MISMAS,3
MISMO,35
MISMOS,3
MISTERIO,2
MISTERIOS,1
MISTERIOSO,2
MISTERIOSOS,1
MISTICO,1
MITAD,3
MOCETON,7
MOCETONA,3
MOCETONAS,1
MOCETONES,3
MOCOSOS,1
MODESTAMENTE,1
MODESTIA,1
MODESTO,1
MODOSITO,1
MODULACIONES,1
MOJADA,2
MOJADO,1
MOJAR,1
MOLDE,1
MOLESTA,1
MOLESTABA,2
MOLESTABAN,2
MOLESTADO,1
MOLESTADOS,1
MOLESTAN,1
MOLESTAR,2
MOLESTARE,1
MOLESTARIA,1
MOLESTARLE,2
MOLESTE,1
MOLESTOS,1
MOMENTANEO,1
MOMENTANEOS,1
MOMENTO,19
MOMENTOS,2
MONEDA,1
MONJAS,1
MONOTONA,2
MONOTONAS,2
MONOTONIA,2
MONOTONO,4
MONSTRUOSAS,1
MONTADO,2
MONTAÑA,5
MONTE,5
MONTERA,2
MONTON,5
MONTONES,1
MONUMENTAL,1
MONUMENTO,1
MORADO,1
MORAL,1
MORCILLA,1
MORDIENDOLE,1
MORDIERAN,1
MORENA,2
MORFINA,2
MORIA,1
MORIBUNDA,1
MORIBUNDOS,1
MORIR,14
MORIREMOS,1
MORRAL,1
MORRALLA,1
MORUNA,1
MOSCARDONEABAN,1
MOSCAS,1
MOSTRABA,3
MOSTRABASE,1
MOSTRADOR,1
MOSTRANDO,4
MOSTRARME,1
MOSTRARSE,1
MOSTRO,1
MOTES,2
MOTIVO,1
MOVER,3
MOVERSE,1
MOVIANSE,1
MOVIBLES,1
MOVIDO,1
MOVIMIENTO,7
MOVIMIENTOS,2
MOVIO,2
MOVIOSE,1
MOZOS,2
MUCHA,3
MUCHACHA,3
MUCHACHO,16
MUCHACHOS,4
MUCHAS,16
MUCHEDUMBRE,1
MUCHO,26
MUCHOS,3
MUDANDO,1
MUEBLES,4
MUECA,1
MUELLE,5
MUERA,1
MUERAN,1
MUEREN,3
MUERTA,2
MUERTAS,1
MUERTE,23
MUERTO,9
MUERTOS,1
MUEVA,1
MUGRIENTA,1
MUGRIENTO,2
MUJER,80
MUJERES,15
MUJERZUELAS,2
MULLIDAS,1
MULTITUD,4
MUNDANOS,1
MUNDO,26
MUNDOS,1
MUNICIPAL,1
MURIERON,1
MURIESE,1
MURIO,5
MURMULLO,1
MURMURABA,2
MURMURACION,1
MURMURACIONES,1
MURMURAR,1
MURMURO,3
MUSCULOS,2
MUSCULOSO,1
MUSICA,3
MUÑECA,1
MUÑECAS,1
MUÑIDORES,1
NACAR,1
NACARADAS,1
NACEN,2
NACER,1
NACIDO,3
NACIDOS,1
NACIENDO,1
NACION,1
NADABA,4
NADANDO,2
NADAR,1
NADIE,19
NARANJAL,1
NARANJO,1
NARANJOS,2
NARIZ,5
NATAL,1
NATURAL,1
NATURALEZA,1
NAUSEABUNDAS,1
NAUSEABUNDO,1
NAVAJA,2
NAVEGABA,2
NAVEGABAMOS,1
NAVEGACION,2
NAVEGACIONES,1
NAVEGANDO,1
NAVEGAR,1
NAVIDAD,1
NAVIO,1
NEBLINAS,1
NECESARIO,1
NECESIDAD,2
NECESITA,1
NECESITABA,2
NECESITE,1
NECESITO,2
NEGABA,1
NEGAR,1
NEGATIVA,1
NEGOCIANTE,1
NEGOCIANTES,1
NEGOCIO,5
NEGOCIOS,3
NEGRA,12
NEGRAS,6
NEGRERO,2
NEGRO,9
NEGROS,7
NEGRUZCA,2
NERVIOSA,2
NERVIOSAMENTE,1
NERVIOSOS,1
NERVUDO,1
NICOMEDES,8
NIETA,1
NIETOS,7
NIEVE,1
NINGUN,1
NINGUNA,1
NINGUNO,2
NISPEREROS,1
NIÑADAS,1
NIÑAS,1
NIÑEZ,2
NIÑOS,6
NOCHE,50
NOCHES,10
NODRIZA,1
NOMBRE,14
NOMBRES,3
NORMAL,1
NOSOTROS,7
NOTABLES,2
NOTANDO,1
NOTAR,1
NOTARA,1
NOTAS,3
NOTICIA,5
NOTICIAS,3
NOVATO,1
NOVEDADES,2
NOVELAS,1
NOVIA,5
NOVIAZGO,1
NOVIO,2
NOVIOS,1
NUBECILLA,3
NUBECILLAS,1
NUBES,1
NUCAS,1
NUDOS,1
NUESTRA,2
NUESTRO,8
NUESTROS,2
NUEVA,3
NUEVAS,4
NUEVE,8
NUEVO,8
NUEVOS,1
NUMERO,1
NUMEROSAS,1
NUNCA,14
NUNCIO,2
NUPCIAL,1
NUTRIDO,1
OBEDECER,1
OBEDECIA,2
OBEDECIDO,1
OBEDEZCO,1
OBEDIENTE,1
OBESIDAD,1
OBESO,1
OBISPOS,1
OBJETO,3
OBLEA,1
OBLICUA,1
OBLICUOS,1
OBLIGABAN,1
OBLIGADA,1
OBLIGADO,3
OBLIGARLE,1
OBLIGARON,1
OBRADOR,2
OBSEQUIABAN,1
OBSEQUIOSO,2
OBSESION,1
OBSESIONARLE,1
OBSTACULO,2
OBSTACULOS,1
OBSTRUYENDO,1
OCASION,3
OCASIONES,1
OCHENTA,1
OCULTA,3
OCULTABA,2
OCULTABAN,1
OCULTADA,1
OCULTANDO,1
OCULTANDOSE,1
OCULTAR,3
OCULTARSE,2
OCULTO,1
OCUPABA,2
OCUPABAN,1
OCUPACION,1
OCUPADO,1
OCUPANDO,1
OCUPAR,1
OCUPASE,1
OCURRIDO,3
OCURRIERA,1
OCURRIO,4
OCURRIRLE,1
ODIABA,2
ODIADO,1
ODIOS,2
ODIOSA,1
OFENSAS,1
OFICIAL,2
OFICIALES,1
OFICIO,13
OFRECIMIENTOS,1
OFUSCADA,1
OIALO,1
OIASE,1
OIDOS,1
OIMOS,1
OIRLE,2
OIRSE,1
OJALA,2
OJAZOS,2
OJEADAS,1
OJILLOS,2
OLEADA,1
OLEAJE,2
OLFATEANDO,1
OLIENDO,1
OLISQUEANDO,1
OLIVARES,1
OLIVO,1
OLVIDA,2
OLVIDABA,1
OLVIDADO,2
OLVIDAN,1
OLVIDANDO,1
OLVIDAR,4
OLVIDARON,1
OLVIDEMOS,1
OLVIDEN,1
OLVIDO,1
OMNIPOTENCIA,2
ONDEANDO,1
ONDEANTES,1
ONDEAR,1
ONDULACION,2
ONDULADA,1
ONDULANTES,2
ONDULARON,1
ONZAS,1
OPERA,4
OPERAS,1
OPERASE,1
OPINION,1
OPONIA,1
OPRIMEN,1
OPRIMIAN,1
OPRIMIDA,1
OPUESTA,1
OPUESTO,2
ORACIONES,2
ORDEN,5
ORDENAN,1
ORDENES,4
OREJA,1
ORGIAS,1
ORGULLO,1
ORGULLOSAS,1
ORGULLOSO,1
ORGULLOSOS,1
ORIGINAL,1
ORILLA,2
ORILLAS,1
ORLADAS,1
ORLANDO,1
ORQUESTA,1
OSCILAR,2
OSCURA,2
OSCURAS,2
OSCURIDAD,13
OSCURISIMO,1
OSCURO,5
OSCUROS,1
OSTENTACION,1
OTOÑO,2
OTRAS,9
OTROS,20
OVACION,1
OVACIONES,1
OVEJA,1
OVEJAS,1
OYENDO,2
OYERONSE,1
PACES,1
PACIENCIA,2
PACIFICO,3
PACIFICOS,1
PADRE,20
PADRENUESTRO,1
PADRES,3
PAELLA,4
PAGARE,2
PAGAS,1
PAJARO,3
PAJAROS,2
PALABRA,5
PALABRAS,12
PALABRERIA,1
PALABRITAS,1
PALABROTAS,1
PALACIO,1
PALACIOS,1
PALADEANDO,1
PALADIN,1
PALADINES,1
PALANCA,1
PALAS,1
PALCO,1
PALCOS,3
PALETADAS,1
PALIDA,3
PALIDAS,1
PALIDEZ,1
PALIDO,3
PALIZA,1
PALIZAS,1
PALMADA,1
PALMADITAS,1
PALMAS,1
PALMERA,2
PALMERAS,2
PALMOS,2
PALOS,2
PALPITABAN,1
PALPITACIONES,3
PALPITANTE,1
PALPITANTES,1
PANADEROS,5
PANES,2
PANICO,1
PANTAGRUELICO,1
PANTALON,1
PANTALONES,3
PANZA,4
PANZUDO,3
PAPEL,5
PAPELEO,1
PAPELES,3
PAPELOTES,1
PARAISO,4
PARALISIS,1
PARALITICO,1
PARALIZABANSE,1
PARAMOS,1
PARAR,1
PARARON,1
PARASITO,6
PARCELA,1
PARDO,1
PARDOS,1
PARECE,9
PARECEN,2
PARECES,1
PARECIA,33
PARECIALE,1
PARECIAN,9
PARECIERON,1
PARECIO,6
PARED,8
PAREDES,5
PAREDON,1
PAREJA,6
PAREJAS,3
PAREZCO,1
PARIENTE,1
PARIENTES,4
PARIO,1
PARIS,5
PARLANCHIN,1
PARLOTEO,1
PARPADEABAN,1
PARRA,1
PARROCO,1
PARROQUIANOS,2
PARSIFAL,1
PARTA,1
PARTE,10
PARTES,8
PARTIA,1
PARTIDO,1
PARTIR,2
PASABA,16
PASABAN,8
PASADA,1
PASADAS,1
PASADO,15
PASADOS,2
PASAMANO,1
PASAN,2
PASANDO,2
PASAR,9
PASARIA,1
PASARIAN,1
PASARON,3
PASEABA,2
PASEABAN,1
PASEANDO,1
PASEO,2
PASILLO,1
PASILLOS,1
PASION,5
PASIONARIAS,1
PASOS,9
PASTA,5
PATADA,2
PATADAS,1
PATALEANDO,1
PATALEASE,1
PATALEO,2
PATAS,2
PATATAS,2
PATERNAL,1
PATERNALMENTE,2
PATERNIDAD,1
PATIO,9
PATRIOTISMO,1
PATRON,14
PATRONAS,1
PAUSA,1
PAYASO,1
PAÑOS,1
PAÑUELO,5
PAÑUELOS,2
PECADO,2
PECADORA,1
PECES,3
PECHERA,2
PECHO,11
PECHOS,2
PEDAZO,4
PEDAZOS,3
PEDIA,3
PEDIAN,2
PEDIR,2
PEDIRNOS,1
PEDRADAS,1
PEDRERIA,1
PEGABA,1
PEGABAN,2
PEGADOS,1
PEGAJOSA,1
PEGAME,1
PEGANDO,1
PEGAR,1
PEGARSE,1
PELADA,1
PELAJE,1
PELEON,1
PELICULA,1
PELIGRO,6
PELIGROS,1
PELIGROSO,2
PELLEJO,1
PELLEJOS,1
PELOS,2
PELOTA,1
PELUCA,1
PENACHOS,1
PENAS,2
PENDIA,2
PENDIAN,1
PENDIENTE,1
PENETRAR,1
PENOSAMENTE,1
PENOSAS,2
PENOSO,2
PENSABA,16
PENSABAN,1
PENSADO,3
PENSAMIENTO,2
PENSAMIENTOS,3
PENSANDO,6
PENSAR,9
PENSARIA,1
PENSE,1
PENSION,1
PENSIONISTAS,1
PENSO,3
PENUMBRA,2
PEPET,8
PEPETA,4
PEQUEÑA,5
PEQUEÑIN,1
PEQUEÑO,7
PEQUEÑOS,1
PEQUEÑUELO,1
PERCEPCION,1
PERCEPTIBLE,1
PERCIBIA,1
PERCIBIDO,1
PERCIBIR,1
PERDER,1
PERDERSE,2
PERDIA,2
PERDIAMOS,1
PERDICION,1
PERDIDA,3
PERDIDAS,1
PERDIDO,4
PERDIENDO,1
PERDIENDOSE,1
PERDIERON,1
PERDIGONES,1
PERDIO,3
PERDON,7
PERDONADO,1
PERDONAME,1
PERDONAN,1
PERDONAR,1
PERDONAS,1
PERDONASEN,1
PERDONO,1
PERECE,1
PEREZ,2
PEREZA,1
PEREZOSA,1
PEREZOSAMENTE,1
PERFIL,1
PERFORANDO,1
PERFUMADA,1
PERFUME,8
PERFUMES,3
PERIODICO,2
PERIODICOS,6
PERIODISTA,5
PERIODISTAS,2
PERJUDICARLE,1
PERMANECER,3
PERMANECIA,3
PERMANECIO,4
PERMITE,1
PERMITIA,2
PERMITIERA,1
PERPETUA,1
PERRA,1
PERRO,5
PERROS,4
PERSECUCION,2
PERSEGUIAN,4
PERSEGUIDO,5
PERSEGUIDOR,1
PERSEGUIDORES,2
PERSEGUIRSE,1
PERSIANAS,1
PERSIGUIENDOSE,2
PERSIGUIERAN,1
PERSONA,6
PERSONAJE,1
PERSONAJES,1
PERSONAS,7
PERTENECIERAN,1
PERVERSA,1
PESABA,2
PESABAN,1
PESADA,3
PESADAS,1
PESADO,2
PESADOS,1
PESAR,11
PESCA,9
PESCADO,4
PESCADOR,3
PESCADORAS,1
PESCADORES,5
PESCADOTE,1
PESCAR,1
PESCARLE,1
PESCARLO,1
PESCARON,1
PESCUEZO,1
PESETAS,3
PESTAÑAS,1
PETALOS,2
PETATE,2
PEÑASCO,1
PEÑASCOS,2
PIABA,1
PIANOS,2
PICADURA,1
PICARO,1
PICAROS,1
PIDIENDO,5
PIDIENDOLE,1
PIDIERA,2
PIEDRA,2
PIEDRAS,1
PIELROJA,1
PIENSAS,2
PIENSE,2
PIENSO,1
PIERNA,4
PIERNAS,13
PIEZA,2
PIEZAS,3
PILLAREMOS,1
PILLARIAN,1
PILLARME,1
PILLE,1
PILLETES,1
PILLO,6
PILLOS,1
PILLUELOS,1
PINCELADAS,1
PINCHASEN,1
PINCHAZOS,1
PINTA,2
PINTAMOS,1
PINTANDOLO,1
PINTARLO,1
PINTAS,1
PINTURA,1
PIPAS,1
PISANDO,1
PISOS,1
PISTOLA,2
PISTOLETAZO,1
PISTON,2
PITILLO,1
PLACER,1
PLANAS,1
PLANTADO,1
PLANTARON,1
PLANTAS,2
PLATA,2
PLATAFORMA,1
PLAYA,18
PLAYAS,2
PLAZA,5
PLAZO,1
PLEGAR,1
PLENA,3
PLENO,3
PLIEGUES,1
PLOMO,5
PLUMAS,3
POBLACION,1
POBLADA,1
POBRE,45
POBRECILLO,1
POBRECITA,2
POBRECITO,1
POBRECITOS,1
POBRES,13
POBRET,2
POBREZA,2
POCAS,1
POCOS,4
PODEMOS,1
PODER,7
PODEROSA,4
PODEROSAMENTE,1
PODEROSO,4
PODEROSOS,1
PODIA,19
PODIAN,7
PODIDO,3
PODRIA,2
PODRIAN,1
PODRIDA,1
POLCAS,1
POLICIA,1
POLIPO,1
POLITICA,1
POLITICAS,1
POLITICOS,4
POLIZONTES,1
POLLO,1
POLLOS,1
POLVO,5
POLVORA,1
POLVORIENTA,1
POLVOS,1
POMPOSOS,1
PONDRIA,1
PONEN,1
PONER,2
PONERLE,1
PONGA,1
PONGO,1
PONIA,6
PONIANSE,1
PONIENDO,2
PONTON,1
POQUITA,1
POQUITO,2
PORCELANA,1
PORQUE,16
PORTADO,1
PORTAL,2
PORTELA,1
PORTEZUELA,8
PORVENIR,1
POSESION,2
POSIBILIDAD,1
POSIBLE,3
POSIBLES,1
POSICION,2
POSTAS,1
POSTES,1
POTENCIA,1
PRECAUCIONES,1
PRECIPITACION,2
PRECISO,1
PREDICABAN,1
PREDILECTA,1
PREFIERO,1
PREFIRIO,1
PREGUNTABA,2
PREGUNTAR,1
PREGUNTAS,2
PREGUNTE,3
PREGUNTEN,1
PREGUNTO,3
PREMEDITACION,1
PREMIO,1
PRENSA,1
PREPARABA,2
PREPARANDO,2
PREPARANDOSE,1
PRESA,1
PRESENCIA,5
PRESENCIALES,1
PRESENTANDONOS,1
PRESENTARA,1
PRESENTARIA,1
PRESENTARME,1
PRESENTARSE,2
PRESENTAS,1
PRESENTE,2
PRESENTES,1
PRESENTIA,1
PRESENTO,1
PRESIDENTE,1
PRESIDIO,4
PRESION,1
PRESO,4
PRESOS,7
PRESTABA,1
PRESTADO,2
PRESTE,1
PRESTEZA,1
PRESTIGIO,1
PRESUPUESTO,1
PRETENDIA,1
PRETENSION,1
PRETEXTO,1
PRIMAVERA,6
PRIMER,7
PRIMERA,12
PRIMERAS,3
PRIMERO,6
PRIMEROS,3
PRINCESA,2
PRINCIPAL,1
PRINCIPES,1
PRINCIPIO,3
PRINCIPIOS,2
PRISA,1
PRISAS,1
PRISIONERA,1
PRISIONERO,1
PRIVACIONES,2
PROBABA,1
PROBAR,1
PROBO,1
PROCESION,3
PROCESO,1
PROCESOS,1
PROCURARIAN,1
PRODIGO,1
PRODUCCION,1
PRODUCIA,1
PRODUCTO,1
PRODUJO,1
PROFANADOS,1
PROFANASE,1
PROFECIAS,1
PROFESION,1
PROFESIONAL,1
PROFUNDA,2
PROFUNDIDAD,1
PROFUNDOS,1
PROLE,3
PROLONGABA,1
PROLONGADAS,2
PROLONGADO,1
PROMESA,1
PROMESAS,1
PROMETIA,1
PROMETIDO,3
PRONTITUD,1
PRONTO,26
PRONUNCIACION,1
PROPIA,2
PROPIAS,1
PROPIETARIOS,1
PROPINANDOLE,1
PROPIO,1
PROPOSITO,1
PROPUESTO,1
PRORRUMPIENDO,1
PRORRUMPIO,2
PROSOPOPEYA,1
PROTECCION,1
PROTECTOR,4
PROTEGE,1
PROTEGER,1
PROTEGIA,2
PROTEGIAN,1
PROTEGIDO,1
PROTESTA,2
PROTESTABA,2
PROTESTABAN,1
PROTESTANDO,1
PROTESTAS,1
PROTUBERANCIAS,1
PROVEEDORES,1
PROVEERA,1
PROVIDENCIA,2
PROVINCIA,2
PROVINCIAS,1
PROVINIERAN,1
PROVISION,2
PROVISIONES,2
PROVOCABA,1
PROVOCANDO,1
PROXIMA,3
PROXIMAS,1
PROXIMIDAD,1
PROXIMO,3
PROXIMOS,1
PROYECTIL,1
PRUEBA,2
PUBLICA,1
PUBLICABAN,1
PUBLICADO,1
PUBLICO,8
PUCHERO,1
PUDIENDO,1
PUDIERA,3
PUDIERAN,2
PUDRIA,1
PUDRIENDOSE,1
PUDRIR,1
PUEBLECILLO,1
PUEBLECITO,1
PUEBLO,42
PUEBLOS,4
PUEDA,1
PUEDE,5
PUEDO,1
PUENTE,1
PUERTA,29
PUERTAS,5
PUERTECILLO,2
PUERTO,1
PUESTO,7
PUGNANDO,2
PULSO,1
PUNTA,3
PUNTAS,2
PUNTIAGUDOS,3
PUNTOS,2
PUNZANTE,1
PUNZANTES,1
PUPILAS,1
PURGATORIO,1
PURISIMA,1
PUSIERA,1
PUSIERON,2
PUSOSE,1
PUÑADO,3
PUÑETAZOS,1
PUÑOS,2
PÒRTES,1
QUEDA,2
QUEDABA,13
QUEDABAN,4
QUEDADO,2
QUEDAN,1
QUEDAR,1
QUEDARA,1
QUEDARIAN,1
QUEDARON,2
QUEDARSE,1
QUEDATE,1
QUEDE,1
QUEDO,8
QUEJABA,3
QUEJADO,1
QUEJARAN,1
QUEJAS,2
QUEJIDO,1
QUEJIDOS,2
QUEJUMBROSA,1
QUEJUMBROSO,2
QUEMABA,1
QUEMADA,1
QUEMADURAS,1
QUEMANDOLE,1
QUEMARIAN,1
QUEMARSE,1
QUERER,2
QUERERTE,1
QUERIA,25
QUERIAN,12
QUERIDO,4
QUERIENDO,6
QUERRA,1
QUERRE,2
QUESO,1
QUICIO,1
QUICO,6
QUIEBRAS,1
QUIEN,33
QUIENES,1
QUIERA,3
QUIERAN,1
QUIERAS,2
QUIERE,3
QUIEREN,3
QUIERES,2
QUIERO,6
QUIETO,1
QUIJADAS,1
QUILLA,1
QUIMERA,1
QUIMERAS,1
QUINCE,1
QUISE,1
QUISIERA,7
QUISIERAN,2
QUISO,3
QUITABA,1
QUITABAN,1
QUITADO,1
QUITARSE,1
QUITASEN,1
QUITO,1
RABIA,2
RABIAR,1
RABIOSA,1
RABIOSAMENTE,1
RABIOSO,1
RABOSA,11
RABOSAS,3
RACION,1
RAFAEL,12
RAFAGA,1
RAMAJES,1
RAMAS,1
RAMOS,1
RANAS,3
RANCHO,1
RAPADA,2
RAPIDA,1
RAPIDAMENTE,2
RAPIDEZ,1
RAPIDO,1
RAPIDOS,1
RAPIÑA,2
RAPTOS,1
RARAS,1
RAROS,1
RASGABA,2
RASGADOS,2
RASGANDO,2
RASGARSE,1
RASGASE,1
RASTRILLO,1
RASTRO,1
RATAS,5
RATERO,1
RATOS,2
RAYADAS,1
RAYOS,3
RAZON,1
RAZONES,3
REACCIONARIO,1
REACIA,1
REALES,1
REALIDAD,3
REALIZASE,1
REANUDANDO,1
REAPARECER,1
REAPARECIA,1
REBATO,1
REBAÑADO,1
REBELA,1
REBELDE,1
REBLANDECER,1
REBUSCABAN,1
RECALCANDO,1
RECELOSO,1
RECELOSOS,1
RECHINAR,1
RECIBIA,4
RECIBIDO,3
RECIBIO,3
RECIEN,2
RECIENTE,1
RECITABA,1
RECLINADA,2
RECOBRADA,1
RECOBRARLA,1
RECOBRO,2
RECOGIA,1
RECOGIAN,1
RECOGIDA,1
RECOGIDOS,1
RECOGIO,2
RECOMENDABAN,1
RECOMENDADO,1
RECOMENDANDO,1
RECONCILIADOS,1
RECONOCIA,3
RECONOCIDO,1
RECORDABA,4
RECORDABAN,4
RECORDADO,1
RECORDANDO,5
RECORDAR,4
RECORDASE,1
RECORDE,1
RECORDONS,1
RECORTADO,1
RECRISTO,2
RECRUDECIMIENTO,1
RECTA,1
RECTAS,3
RECTO,1
RECUERDE,1
RECUERDO,4
RECUERDOS,2
RECURSO,1
REDAÑO,1
REDES,3
REDONDA,2
REDONDECES,3
REDONDEZ,1
REDONDO,3
REDONDOS,1
REDUCIA,1
REDUCIDO,1
REFLEJA,1
REFLEJABAN,2
REFLEJANDO,1
REFLEJASEN,1
REFLEJO,2
REFLEJOS,3
REFRESCADO,1
REFUGIABA,1
REFUGIO,1
REGADERA,1
REGANDO,1
REGAR,2
REGATEABA,1
REGAZO,1
REGISTRANDOLO,1
REGLAMENTACION,1
REGLAMENTARIA,1
REGOCIJADAS,1
REGOCIJADO,1
REGOCIJO,1
REGODEANDOSE,1
REGRESABA,2
REGRESO,2
REGUEROS,1
REHUYEN,1
REHUYENDO,2
REIAN,2
REIASE,1
REIDO,2
REINA,1
REINABA,3
REIRIAN,1
REIRME,1
REJAS,3
REJUVENECIAN,1
RELAMPAGO,1
RELAMPAGUEABAN,1
RELATABA,1
RELATADAS,1
RELATANDO,1
RELATAR,1
RELEVO,1
RELIEVE,1
RELIQUIA,1
REMANGADAS,1
REMATARLE,1
REMATASE,1
REMEDIO,6
REMENDADA,1
REMENDADO,1
REMENDANDO,1
REMESA,1
REMOJANDOSE,1
REMOJON,1
REMOLCABA,1
REMOLINO,3
REMOLQUE,1
REMONTO,1
REMOS,1
REMOTO,1
REMOVIA,1
REMOVIAN,2
REMOVIASE,1
RENACUAJOS,1
RENCOR,1
RENDIDO,1
RENDIJAS,1
RENOMBRE,1
REPARACION,1
REPARADOS,1
REPARTIENDOSE,1
REPASAR,1
REPELERLA,1
REPELERLOS,1
REPELIAN,1
REPENTE,2
REPENTINA,3
REPENTINAMENTE,3
REPETIA,1
REPETIAN,1
REPETIDA,1
REPETIR,1
REPIQUETEABA,1
REPIQUETEO,1
REPITIENDO,5
REPITIOSE,1
REPLETA,2
REPLETAS,1
REPLETO,2
REPLICABA,1
REPOSAR,1
REPRENDIAN,1
REPRESENTACION,1
REPRESENTACIONES,1
REPRESENTANTE,1
REPUESTO,2
REPUGNABA,1
REPUGNAN,1
REPUGNANCIA,2
REPULSION,1
REPUSO,1
REPUTACION,1
REQUEMADA,1
REQUIRIO,1
RESBALABA,2
RESBALABAN,1
RESBALANDO,3
RESERVA,1
RESERVADO,1
RESERVAN,1
RESGUARDABAN,1
RESGUARDARLA,1
RESIDIA,1
RESIGNABA,2
RESIGNACION,1
RESIGNADA,1
RESIGNADO,1
RESIGNARSE,1
RESISTENCIA,2
RESISTIA,1
RESISTIR,2
RESISTIRSE,2
RESONABA,2
RESORTE,1
RESPALDO,1
RESPETABA,2
RESPETABAN,1
RESPETABLE,1
RESPETABLES,2
RESPETAN,1
RESPETO,4
RESPETUOSA,1
RESPIRACION,2
RESPIRANDO,1
RESPIRAR,1
RESPIRO,1
RESPONDER,1
RESPUESTA,1
RESPUESTAS,1
RESTABLECIA,1
RESTAURANT,1
RESTO,1
RESTOS,1
RESUELTO,2
RESULTA,1
RESULTABA,3
RESULTADOS,1
RESULTASE,1
RETABLO,1
RETACO,5
RETIRABANSE,1
RETIRADA,1
RETIRADO,3
RETIRARON,1
RETIRARSE,1
RETIRO,1
RETORCIDA,1
RETORCIESE,1
RETRASARSE,1
RETRATO,1
RETROCEDER,3
RETROCEDIA,1
RETROCEDIAN,1
RETROCEDIDO,1
RETROCEDIENDO,1
RETROCEDIERON,1
RETROCEDIO,1
RETUMBANTE,1
REUMA,4
REUMATICAS,1
REUNIDA,1
REUNION,3
REUNIONES,1
REVELA,1
REVENTABA,1
REVENTADO,1
REVENTAR,1
REVENTARE,1
REVERENDOS,2
REVES,1
REVIENTA,1
REVISTEROS,1
REVOLCABA,1
REVOLOTEABAN,2
REVOLTIJO,1
REVOLUCION,1
REVOLUCIONARIA,2
REVOLVER,2
REVOLVIA,3
REVOLVIASE,1
REVOLVIENDOSE,3
REVOLVIERA,1
REVOLVIO,2
REVUELTA,1
REYERTAS,1
REYES,1
REYEZUELO,1
REZABA,3
REZANDO,1
REZAR,2
REZASE,1
REÑIR,1
RIBAZO,1
RIBAZOS,4
RICAMENTE,2
RICOS,2
RIDICULA,3
RIDICULO,2
RIEGO,2
RIENDO,2
RIERAN,1
RIESGO,1
RIESGOS,1
RIGIDEZ,1
RIGIDO,1
RINCON,7
RINCONCITO,1
RINCONES,6
RIQUEZA,2
RISOTADAS,2
RISUEÑO,2
RITMICO,1
RITMO,1
RIZABASE,1
RIZADAS,1
RIÑAS,1
RIÑONES,2
ROBAR,1
ROBARLE,1
ROBARON,1
ROBASEN,1
ROBOS,2
ROBUSTA,1
ROCAS,1
ROCIN,1
ROCINES,2
ROCIONES,1
RODABA,2
RODABAN,1
RODAMOS,1
RODANDO,1
RODAR,1
RODARON,1
RODEABA,1
RODEABAN,2
RODEADA,1
RODEADO,2
RODEAR,1
RODER,14
RODERS,2
RODILLA,2
RODILLAS,6
ROGANDOLE,2
ROIDOS,1
ROJAS,2
ROJIZAS,1
ROJOS,5
ROLLO,1
ROMANCES,1
ROMANOS,1
ROMANTICAS,1
ROMPIA,2
ROMPIO,3
RONCA,1
RONDA,1
RONDABA,1
RONDANDO,1
RONDAR,1
RONZAL,1
ROPAS,4
ROSADA,1
ROSAL,1
ROSALES,1
ROSARIO,2
ROSAS,1
ROSTRO,5
ROSTROS,1
ROTOS,1
ROVELES,2
ROYENDO,1
ROZADOS,1
ROZAGANTE,1
ROZAMIENTO,2
ROZANDO,1
ROZANDOME,1
ROZASE,1
RUBIA,3
RUBORIZABASE,1
RUDAMENTE,2
RUDAS,1
RUDEZA,1
RUDOS,1
RUEDA,1
RUEDAS,10
RUEDO,1
RUFINA,5
RUGIA,2
RUGIENDO,1
RUGIR,2
RUIDO,5
RUIDOS,1
RUIDOSA,1
RUIDOSAMENTE,4
RUIDOSO,2
RUIDOSOS,2
RUINA,1
RUMBO,3
RUMIANTE,1
RUMOR,3
RUMORES,2
RURAL,1
RUSTICO,1
RUZAFA,1
SABADOS,2
SABANAS,1
SABEN,3
SABER,6
SABERLO,2
SABERSE,1
SABES,2
SABIA,15
SABIAMENTE,1
SABIAN,2
SABIDO,5
SABIENDO,2
SABOR,1
SABOREANDO,1
SABRA,1
SABRIA,1
SACABA,4
SACABAN,3
SACABASE,1
SACAD,1
SACADO,1
SACANDO,4
SACAR,6
SACARAN,1
SACOS,3
SACRE,1
SACRIFICARON,1
SACRIFICIO,1
SACRILEGIO,1
SACUDIENDO,1
SACUDIENDOSE,1
SALAMANDRAS,1
SALDANDO,1
SALDRA,1
SALDRAS,2
SALEN,1
SALIA,8
SALIAN,3
SALIDA,7
SALIDO,6
SALIENDO,1
SALIENTE,1
SALIERA,2
SALIERON,1
SALIESE,1
SALIO,11
SALIR,9
SALIRLE,1
SALITROSA,1
SALONES,3
SALPICADURAS,2
SALTABA,5
SALTABAN,4
SALTANDO,1
SALTAR,2
SALTARON,2
SALTITOS,1
SALTO,5
SALTOS,1
SALUDABA,5
SALUDABAN,2
SALUDARON,1
SALUDO,3
SALVA,1
SALVABA,1
SALVACION,1
SALVADO,2
SALVADOR,1
SALVAJE,1
SALVAR,5
SALVARLE,2
SALVO,1
SANDIA,1
SANGRE,21
SANGRIENTA,1
SANGRIENTOS,1
SANGUINOLENTO,1
SANGUINOLENTOS,1
SANOS,2
SANTA,2
SANTIGUANDOSE,1
SANTISIMA,2
SANTO,3
SANTOS,2
SANTURCE,1
SAPOS,1
SAQUEANDO,1
SAQUITO,1
SARDINA,1
SARTA,1
SARTEN,1
SATELITE,2
SATISFACCION,10
SATISFACE,1
SATISFECHA,1
SATISFECHO,6
SATISFECHOS,1
SEBASTIANES,1
SECADO,1
SECARSE,2
SECAS,1
SECRETO,1
SEDAS,2
SEDIENTA,1
SEDIMENTO,1
SEDOSAS,1
SEDOSO,1
SEDUCTORA,1
SEGADORES,1
SEGANDO,1
SEGAR,2
SEGARA,1
SEGUI,1
SEGUIA,10
SEGUIAN,4
SEGUIDA,4
SEGUIDLE,1
SEGUIDO,2
SEGUIDORES,1
SEGUIR,3
SEGUN,7
SEGUNDA,2
SEGUNDO,1
SEGUNDOS,1
SEGURA,3
SEGURAMENTE,1
SEGURIDAD,1
SEGURO,5
SEMANA,3
SEMANAS,3
SEMEJANTE,5
SEMEJANTES,1
SEMEJANZA,2
SENCILLO,1
SENDA,3
SENDAS,3
SENDEROS,2
SENIL,1
SENTABA,2
SENTADO,4
SENTADOS,1
SENTANDOSE,2
SENTAR,1
SENTARSE,3
SENTENCIA,1
SENTENCIADO,1
SENTENCIARON,1
SENTENCIAS,1
SENTI,5
SENTIA,17
SENTIAN,1
SENTIASE,1
SENTIDAS,1
SENTIDO,2
SENTIMIENTO,1
SENTIMIENTOS,1
SENTIR,7
SENTIRA,1
SENTIRLO,1
SENTO,3
SEPARABA,1
SEPARACION,4
SEPARADO,3
SEPARADOS,1
SEPARANDO,1
SEPARARLES,2
SEPARO,3
SEPULTURA,3
SEQUEDAD,1
SERAFIN,1
SERAS,1
SERENIDAD,5
SERENO,2
SERENOS,1
SERES,1
SERIA,9
SERIAN,2
SERIO,1
SERLO,1
SERPEANTES,1
SERVIA,5
SERVIAN,1
SERVICIO,4
SERVICIOS,4
SERVIOLA,1
SERVIR,1
SESENTA,2
SETENTA,2
SEÑAL,3
SEÑALABA,2
SEÑALANDOLA,1
SEÑOR,27
SEÑORA,17
SEÑORAS,5
SEÑORES,6
SEÑORITA,2
SEÑORITAS,2
SEÑORITO,8
SEÑORITOS,2
SEÑORON,1
SIEMPRE,39
SIENDO,4
SIENES,3
SIENTATE,1
SIENTO,1
SIERRA,4
SIETE,1
SIGAN,1
SIGLO,1
SIGNOS,1
SIGRO,2
SIGUE,1
SIGUEN,1
SIGUIENDO,2
SIGUIENDOLAS,1
SIGUIENTE,4
SIGUIERON,3
SIGUIO,7
SILBANDO,2
SILBAR,3
SILBE,1
SILBIDO,2
SILENCIO,14
SILENCIOSA,2
SILENCIOSO,5
SILLA,1
SILLON,6
SILUETAS,1
SIMPATIA,3
SIMPATICO,2
SIMPLES,1
SINFONIA,1
SINIESTRA,1
SINNUMERO,2
SINTIENDO,2
SINTIERA,1
SINTIO,11
SIQUIERA,5
SIRVE,1
SIRVIO,1
SISEOS,1
SITIO,11
SITUACION,9
SITUACIONES,1
SITUADAS,1
SIÑOR,3
SOBAR,1
SOBERANA,2
SOBERBIA,3
SOBERBIAS,2
SOBERBIO,3
SOBRAS,1
SOBRE,85
SOBRESALTADOS,1
SOBRINO,1
SOCARRAICO,1
SOCARRAO,14
SOCARRONA,1
SOCARRONAMENTE,1
SOCIEDAD,1
SOCORRIENDO,1
SOCORRO,2
SOCORROS,1
SOFOCAR,1
SOIREE,1
SOLARES,1
SOLAS,1
SOLDADO,1
SOLDADOS,1
SOLDANDOLOS,1
SOLEDAD,3
SOLEMNE,2
SOLEMNIDAD,1
SOLICITOS,1
SOLIDO,1
SOLITARIA,1
SOLITARIO,2
SOLLOZOS,2
SOLOS,4
SOLTABA,1
SOLTANDO,2
SOLTAR,2
SOLTARLE,2
SOLTARLO,1
SOLTASEN,1
SOLTE,1
SOLTERA,1
SOLTERO,4
SOLTO,1
SOMBRA,11
SOMBRAS,1
SOMBREABA,1
SOMBRERITOS,1
SOMBRERO,4
SOMBREROS,1
SOMBRIA,1
SOMBRILLAS,1
SOMBRIO,1
SOMETIDO,1
SOMNOLENCIA,1
SOMOS,4
SONABA,5
SONABAN,5
SONANDO,2
SONAR,3
SONARON,2
SONDEAR,1
SONIDOS,1
SONREIA,5
SONREIAN,1
SONREIR,1
SONRIENDO,2
SONRIENTE,2
SONRIENTES,1
SONRIO,3
SONRISA,15
SONROSADA,2
SOPLABA,3
SOPLADO,1
SOPLAR,1
SOPLO,3
SORBIA,1
SORBIENDO,1
SORDA,1
SORDO,1
SORDOS,2
SORPRENDIAN,1
SORPRENDIDO,1
SORPRENDIERON,1
SORPRESA,7
SOSPECHABA,1
SOSPECHANDO,1
SOSPECHAS,1
SOSTENERSE,2
SOSTENIENDO,1
SOSTENIENDOLA,1
SOSTENIENDOSE,1
SOSTENIMIENTO,1
SOTANA,1
SOTANAS,1
SOÑABA,1
SUAVE,4
SUAVEMENTE,2
SUAVIDAD,1
SUBASTA,1
SUBDIVIDO,1
SUBIA,1
SUBIAN,1
SUBIDO,2
SUBIENDO,3
SUBIESEN,1
SUBIO,1
SUBIR,8
SUBLEVABAN,1
SUBLEVACIONES,1
SUBORDINACION,1
SUBTERRANEO,1
SUBYUGADA,1
SUCEDIA,1
SUCEDIAN,1
SUCESO,2
SUCIAS,1
SUCIEDAD,1
SUDABA,1
SUDOR,7
SUEGRA,1
SUELDO,1
SUELO,11
SUELTAS,1
SUELTO,2
SUERTE,2
SUERTES,1
SUEÑO,5
SUFICIENTEMENTE,1
SUFRIDA,1
SUFRIDO,2
SUFRIENDO,1
SUFRIENDOLO,1
SUFRIMIENTOS,1
SUFRIR,3
SUFRIRIA,1
SUFRO,1
SUICIDIO,1
SUJETAR,1
SUJETARON,1
SUJETO,4
SUMIA,1
SUMIAN,1
SUMIDA,1
SUMIDO,1
SUMISA,3
SUMISION,1
SUNTUOSOS,1
SUPERFICIE,6
SUPERIOR,1
SUPERIORES,1
SUPERPUESTOS,1
SUPERSTICIOSO,2
SUPLICABA,1
SUPLICANTE,4
SUPLICAS,3
SUPLICIO,1
SUPRIMAN,1
SUPRIMIENDO,1
SURCO,2
SURCOS,1
SURGIAN,1
SURGIENDO,2
SURGIERA,1
SURGIR,3
SURTIDOR,1
SUSPENSO,1
SUSPIRANDO,1
SUSPIRO,1
SUSTO,1
SUTIL,1
SUYAS,2
SUYOS,2
SÈNTO,15
TABACALERA,2
TABACO,3
TABERNA,8
TABERNAS,1
TABIQUES,1
TABLADO,1
TABLAS,2
TABLEROS,2
TACOS,1
TAGARNINA,1
TALADOS,1
TALEGOS,1
TALES,4
TALLE,1
TALLO,1
TAMAÑO,1
TAMBIEN,14
TANTA,3
TANTAS,3
TANTO,17
TAPABA,1
TAPARON,1
TAPARRABOS,1
TAPARSE,1
TAPIA,1
TAPIAS,2
TARDA,2
TARDANZA,1
TARDARA,1
TARDE,13
TARDES,4
TARDO,2
TARTANA,8
TARTANERO,4
TAZAS,1
TEATRO,5
TEATROS,1
TECHO,3
TECHUMBRE,2
TECHUMBRES,1
TEJADOS,1
TEJAS,1
TELEGRAFICOS,1
TELEGRAFO,1
TELEGRAMAS,1
TEMBLABA,4
TEMBLABAN,6
TEMBLAMOS,1
TEMBLANDO,2
TEMBLAR,1
TEMBLASEN,1
TEMBLONAS,1
TEMBLORCILLO,1
TEMBLOROSA,1
TEMBLOROSAS,3
TEMBLOROSO,2
TEMBLOROSOS,1
TEMIAN,2
TEMIBLE,2
TEMIENDO,3
TEMIERA,4
TEMPESTAD,2
TEMPESTADES,1
TEMPESTUOSOS,1
TEMPORADA,3
TEMPORADAS,1
TEMPORAL,1
TEMPORALES,1
TEMPRANO,3
TENACIDAD,1
TENAZ,1
TENDERME,1
TENDERSE,1
TENDI,1
TENDIALE,1
TENDIDA,1
TENDIDAS,1
TENDIDO,4
TENDIDOS,3
TENDIENDO,1
TENDIO,3
TENDRA,1
TENDRAS,2
TENDREMOS,1
TENDRIA,3
TENEIS,1
TENEMOS,3
TENER,9
TENGA,1
TENGAS,1
TENGO,11
TENIA,48
TENIAMOS,1
TENIAN,11
TENIDO,4
TENIENDO,3
TENIENDOLA,1
TENIENTE,3
TENOR,4
TENTACIONES,1
TENTACULOS,1
TENTANDOSE,1
TENTAR,1
TENTASE,1
TENUE,1
TERCER,1
TERCERA,2
TERCIOPELO,2
TERMINABA,1
TERMINACION,1
TERMINADO,3
TERMINANDO,1
TERMINANTE,1
TERMINAR,5
TERMINARIA,1
TERMINASEN,1
TERMINO,5
TERQUEDAD,1
TERRENO,1
TERRIBLE,9
TERRIBLES,1
TERRONAZO,2
TERRONES,2
TERROR,8
TERROSOS,1
TERRUÑO,1
TERRUÑOS,1
TERSURA,1
TERTULIAS,1
TESTARUDO,1
TESTIGO,1
TESTIGOS,1
TESTIMONIO,1
TETRICA,1
TEULAI,11
TEÑIA,1
TIBIA,2
TIBIAS,2
TIBURON,1
TIBURONES,2
TIEMPO,22
TIEMPOS,14
TIENDA,2
TIENE,10
TIENEN,2
TIENES,1
TIENTAS,1
TIERNA,1
TIERRA,29
TIERRAS,1
TIMBRE,1
TIMIDA,2
TIMIDAMENTE,1
TIMIDAS,1
TIMIDEZ,2
TIMIDO,2
TIMON,5
TIMONEL,1
TINTA,2
TINTE,1
TIPLE,5
TIRABA,4
TIRABAN,1
TIRADOR,1
TIRAN,1
TIRANDO,1
TIRANO,2
TIRANTE,1
TIRAR,1
TIRARON,2
TIRASE,1
TIRASEN,2
TIRON,2
TIROS,3
TISICO,1
TIÑENDO,1
TIÑERON,1
TOBILLO,1
TOCABA,2
TOCABAN,1
TOCADO,1
TOCADOR,1
TOCAN,1
TOCARLE,2
TOCASEN,1
TODAS,38
TODAVIA,3
TODOPODEROSO,1
TODOS,65
TOLDO,1
TOLERABAN,1
TOLERANCIA,1
TOMABA,3
TOMABAN,1
TOMADO,3
TOMANDO,2
TOMAR,4
TOMARLO,1
TOMARON,1
TOMAS,2
TOMEMOS,1
TOMEN,1
TOMES,1
TONEL,2
TONTAMENTE,1
TONTERIA,1
TONTERIAS,2
TONTO,2
TONTOS,1
TOQUE,2
TORBELLINO,1
TORBELLINOS,1
TORCIDA,1
TORCIO,1
TORMENTA,3
TORMENTO,2
TORNAN,1
TORNO,10
TOROS,1
TORPE,2
TORPES,3
TORPEZA,2
TORRE,1
TORRES,2
TORRESALINAS,6
TORREVIEJA,1
TORTILLA,1
TORTUOSAS,1
TOSECILLA,1
TOSES,1
TOSIA,2
TOSIENDO,3
TOSTABA,1
TOSTADAS,1
TOZUDOS,1
TRABAJA,1
TRABAJABA,4
TRABAJABAN,1
TRABAJADOR,1
TRABAJADORA,1
TRABAJADORES,1
TRABAJANDO,1
TRABAJAR,11
TRABAJO,17
TRABAJOSAMENTE,1
TRABUCAZO,1
TRABUCO,1
TRAEN,1
TRAGABA,1
TRAGABAN,1
TRAGADO,2
TRAGARLE,1
TRAGARNOS,1
TRAGARSE,4
TRAGO,2
TRAIAN,1
TRAICION,1
TRAIDA,1
TRAIDAS,1
TRAIDO,1
TRAIDORA,2
TRAIGAN,1
TRAJE,3
TRAJES,5
TRALLA,1
TRANCE,1
TRANCES,1
TRANQUILA,6
TRANQUILAMENTE,4
TRANQUILIDAD,6
TRANQUILIZABAN,1
TRANQUILIZAR,1
TRANQUILIZARLE,1
TRANQUILIZO,1
TRANQUILO,6
TRANSCURRIDO,1
TRANSCURRIDOS,1
TRANSCURRIO,1
TRANSFORMACION,1
TRANSFORMACIONES,1
TRANSITABAN,1
TRANSMITIENDO,1
TRANSPARENCIA,3
TRANSPIRACION,1
TRANSPORTABA,1
TRANVIA,1
TRAPO,2
TRAQUETEO,1
TRASNOCHABAN,1
TRASNOCHADORES,2
TRASNOCHAR,1
TRASTOS,1
TRATA,1
TRATABA,4
TRATABAN,1
TRATADO,1
TRATAME,1
TRATANDOLA,1
TRATAR,1
TRATARA,1
TRATE,1
TRATO,2
TRAVES,9
TRAVIESO,1
TRAYENDO,1
TRAYENDOLE,1
TRAZABA,1
TRAZANDO,2
TREINTA,8
TREMULA,2
TREMULAS,1
TREMULOS,1
TRENES,1
TRENZA,1
TRESCIENTAS,1
TRESCIENTOS,1
TRIANGULO,1
TRIBUS,1
TRICORNIOS,1
TRINCHERA,1
TRIPULABAN,1
TRIPULACION,6
TRIPULANTES,5
TRISTE,13
TRISTEMENTE,3
TRISTES,2
TRISTEZA,2
TRIUNFADORA,1
TRIUNFAL,2
TRIUNFANTE,1
TRIUNFO,2
TRIUNFOS,2
TROCOSE,1
TROPEZARON,1
TROPEZO,2
TROPIECEN,1
TROTABAN,1
TROTADO,1
TROZOS,1
TRUENO,2
TULES,3
TUMBA,1
TUMBO,1
TUMBOS,2
TUPIDAS,1
TURBA,1
TURBAR,1
TURBIO,1
TURNO,1
TUTEANDO,1
TUVIERA,2
TUVIERAN,3
TUVIERAS,1
TUVIERON,1
TUVIMOS,1
TÒFOL,6
UBRES,2
ULTIMA,8
ULTIMAS,5
ULTIMO,12
ULTIMOS,5
ULTRAJADO,1
ULTRAJES,1
UNGUENTOS,1
UNICA,2
UNICAMENTE,10
UNICAS,1
UNICO,14
UNIDA,1
UNIDAS,1
UNIDOS,1
UNIESE,1
UNIFORME,1
UNIREMOS,1
UNIRNOS,1
UNIRSE,1
UNTABA,1
URBANIDAD,1
URGENTE,1
USABA,2
USTED,44
USTEDES,6
USURPADO,1
UTILES,1
VACACIONES,1
VACAS,1
VACIABAN,1
VACIARON,1
VACILO,1
VACIO,1
VACIOS,1
VAGABUNDA,1
VAGABUNDOS,1
VAGANDO,1
VAGON,6
VAGONES,2
VAGOROSA,1
VAGOROSO,1
VAGOS,2
VAGUEDAD,1
VAIVEN,1
VALENCIA,13
VALENCIANO,1
VALENTIA,2
VALENTON,2
VALEROSOS,1
VALGAME,1
VALIA,1
VALIENTE,4
VALIENTEMENTE,1
VALIENTES,3
VALOR,6
VALSES,3
VAMOS,11
VAPOR,3
VAPORES,2
VARALES,1
VARAR,1
VARIAS,3
VARIOS,3
VASTO,1
VECES,28
VECINA,1
VECINAS,8
VECINDAD,2
VECINDARIO,2
VECINO,3
VECINOS,17
VEDIJA,1
VEIAMOS,2
VEIAN,10
VEIANSE,1
VEINTE,4
VEINTICINCO,1
VEJESTORIOS,1
VEJETE,4
VEJETES,1
VEJEZ,2
VELADA,1
VELADAS,1
VELAS,4
VELERA,1
VELILLO,3
VELLONES,1
VELLOSO,1
VELOCIDAD,3
VELOZ,1
VENCIDA,3
VENCIDO,1
VENCIDOS,1
VENDAVAL,1
VENDER,2
VENDIA,1
VENDIESE,1
VENDIMOS,1
VENDIO,1
VENDRE,1
VENDRIAN,1
VENENO,1
VENENOSO,1
VENERABLES,1
VENGABAN,1
VENGADO,1
VENGANZA,4
VENGARIAN,1
VENGARSE,1
VENGO,3
VENIA,11
VENIAN,2
VENIDA,1
VENIDAS,1
VENIDO,2
VENIR,3
VENTAJA,1
VENTAJAS,1
VENTANALES,1
VENTANAS,7
VENTANILLA,2
VENTANILLAS,4
VENTANILLO,2
VENTORRILLO,1
VENTORRILLOS,1
VENTORRO,1
VENTRUDO,1
VERANEABA,1
VERANEANTES,1
VERANEO,1
VERANO,9
VERAS,10
VERDAD,3
VERDADERA,4
VERDADERO,4
VERDADEROS,1
VERDE,3
VERDOSO,1
VERDUGO,4
VERDURAS,1
VERGONZOSA,1
VERGONZOSO,1
VERGUENZA,2
VERIFICADO,1
VERLA,3
VERLE,10
VERLES,5
VERLO,1
VERLOS,1
VERME,4
VERNOS,1
VERSE,7
VERTE,2
VERTICE,1
VESTIA,2
VESTIDA,4
VESTIDAS,1
VESTIDO,2
VESTIDOS,1
VESTIDURA,1
VESTIRSE,1
VETEADA,1
VETERANOS,1
VIAJA,1
VIAJABA,2
VIAJAR,1
VIAJE,12
VIAJECITO,1
VIAJERO,3
VIAJEROS,1
VIAJES,5
VIBRANTE,1
VIBRO,1
VICIO,1
VICTIMA,4
VICTIMAS,1
VIDRIOSA,1
VIEJA,15
VIEJAS,3
VIEJECITA,1
VIEJO,43
VIEJOS,6
VIENDO,15
VIENDOLA,1
VIENDOLAS,1
VIENDOME,1
VIENDONOS,1
VIENDOSE,3
VIENE,1
VIENEN,3
VIENES,1
VIENTECILLO,1
VIENTO,12
VIENTOS,1
VIENTRE,7
VIENTRES,2
VIERON,4
VIESE,1
VIGILABAN,1
VIGILANCIA,3
VIGILANCIAS,1
VIGILANTES,1
VIGOROSAMENTE,1
VIMOS,2
VINIENDO,2
VINIERA,2
VINIESEN,2
VIOLENCIA,1
VIOLENCIAS,1
VIOLETA,1
VIOLETAS,1
VIOSE,2
VIRADA,1
VIRAR,1
VIRARIAN,1
VIRGEN,1
VIRGENES,1
VIRGINIDAD,1
VISCOSA,1
VISIBLE,1
VISIBLES,1
VISITA,3
VISITABA,1
VISITABAN,1
VISITANDO,1
VISITAR,1
VISITARLE,1
VISITAS,1
VISITO,1
VISOS,1
VISTA,14
VISTO,18
VISTOSOS,2
VIUDA,7
VIUDEZ,1
VIVAS,1
VIVEN,1
VIVEROS,3
VIVIA,5
VIVIAN,2
VIVIENDA,1
VIVIENTES,1
VIVIERA,1
VIVIERON,1
VIVIR,10
VIVIRIA,1
VIÑAS,1
VOCECITA,1
VOCES,5
VOLABA,1
VOLANDO,1
VOLCAN,1
VOLTEABAN,1
VOLTERETA,1
VOLUNTAD,7
VOLUPTUOSAMENTE,1
VOLUPTUOSIDAD,1
VOLUPTUOSO,2
VOLVER,11
VOLVERIAN,1
VOLVIA,4
VOLVIAN,1
VOLVIANSE,1
VOLVIENDO,2
VOLVIERA,1
VOLVIERON,1
VOLVIESEN,1
VOLVIO,12
VORACES,1
VOZARRON,1
VUELO,2
VUELTA,3
VUELTO,2
VUELVE,2
VUELVEN,2
VUESTRA,1
WAGNER,1
YAÑEZ,10
YENDO,1
YERMOS,1
YERNO,1
ZAGALEJO,1
ZAGALEJOS,1
ZAMARRA,1
ZANJAS,1
ZAPATOS,6
ZARANDEANDO,1
ZARANDEANDOSE,1
ZARPA,1
ZORREROS,1
ZOZOBRA,1
ZOZOBRAR,2
ZUMBABA,1
